59.26,0.00,0.00,0.00,60.05,61.94,0.00,71.96,60.94,67.60,0.00,0.00,0.00,0.00,54.90,73.52,54.55,59.71,0.00,0.00,0.00,0.00,0.00,0.00,0.00,0.00,0.00,64.79,0.00,0.00,0.00,67.96,0
55.50,64.26,0.00,0.00,68.26,64.07,0.00,66.69,72.45,63.54,0.00,53.64,0.00,0.00,59.06,61.22,55.63,59.98,0.00,0.00,0.00,0.00,0.00,0.00,0.00,0.00,0.00,58.99,0.00,0.00,0.00,59.91,90
58.68,0.00,53.16,0.00,57.83,59.33,0.00,53.65,56.50,61.92,0.00,0.00,0.00,0.00,84.11,58.46,0.00,67.55,0.00,0.00,0.00,0.00,0.00,0.00,0.00,0.00,0.00,57.01,0.00,0.00,0.00,55.10,0
58.58,0.00,0.00,0.00,118.99,54.20,0.00,59.74,55.48,67.61,0.00,0.00,0.00,0.00,81.22,55.50,64.48,68.33,0.00,0.00,0.00,0.00,0.00,0.00,0.00,0.00,0.00,59.29,0.00,0.00,0.00,59.71,225
52.82,0.00,0.00,0.00,58.85,58.80,0.00,0.00,54.02,0.00,0.00,0.00,0.00,0.00,0.00,0.00,53.02,58.55,0.00,0.00,0.00,0.00,0.00,0.00,0.00,0.00,0.00,0.00,0.00,0.00,0.00,59.33,0
68.75,0.00,0.00,0.00,64.52,59.79,0.00,52.90,60.66,60.18,0.00,0.00,0.00,0.00,0.00,54.50,58.26,63.61,0.00,0.00,0.00,0.00,0.00,0.00,0.00,0.00,0.00,57.77,0.00,0.00,0.00,69.80,45
55.88,0.00,0.00,53.25,62.72,62.71,0.00,63.61,64.08,60.68,0.00,0.00,0.00,0.00,55.81,61.57,0.00,59.73,0.00,0.00,0.00,0.00,0.00,0.00,0.00,0.00,0.00,0.00,0.00,0.00,0.00,55.73,90
59.56,0.00,0.00,0.00,59.12,61.41,0.00,54.41,64.32,60.98,0.00,0.00,0.00,0.00,58.20,52.78,58.32,67.63,0.00,0.00,0.00,0.00,0.00,0.00,0.00,0.00,0.00,64.66,0.00,0.00,0.00,62.88,45
55.80,0.00,0.00,0.00,56.68,58.06,0.00,54.15,66.84,64.97,0.00,0.00,0.00,0.00,0.00,0.00,0.00,58.92,0.00,0.00,0.00,0.00,0.00,0.00,0.00,0.00,0.00,53.36,0.00,0.00,0.00,60.14,90
62.37,65.46,63.92,0.00,82.31,59.59,0.00,58.58,63.85,58.90,0.00,0.00,0.00,0.00,57.03,56.62,0.00,58.13,0.00,0.00,0.00,0.00,0.00,0.00,0.00,0.00,0.00,0.00,0.00,0.00,0.00,57.67,315
63.74,0.00,0.00,0.00,71.46,59.84,0.00,53.36,57.59,58.00,0.00,0.00,0.00,0.00,0.00,0.00,0.00,58.20,0.00,0.00,0.00,0.00,0.00,0.00,0.00,0.00,0.00,0.00,0.00,0.00,0.00,60.10,0
66.83,0.00,0.00,0.00,101.66,61.76,0.00,53.94,58.87,64.38,0.00,0.00,0.00,0.00,0.00,60.59,0.00,56.58,0.00,0.00,0.00,0.00,0.00,0.00,0.00,0.00,0.00,0.00,0.00,0.00,0.00,0.00,135
63.52,0.00,0.00,0.00,126.69,0.00,0.00,59.35,0.00,64.47,0.00,0.00,0.00,0.00,52.35,0.00,0.00,56.79,0.00,0.00,0.00,0.00,0.00,0.00,0.00,0.00,0.00,0.00,0.00,0.00,0.00,57.51,180
0.00,0.00,0.00,0.00,51.22,61.95,0.00,64.83,60.22,68.87,0.00,0.00,0.00,0.00,0.00,0.00,56.86,58.35,0.00,0.00,0.00,0.00,0.00,0.00,0.00,0.00,0.00,54.12,0.00,0.00,0.00,54.16,0
66.21,0.00,0.00,0.00,50.70,58.99,0.00,59.22,0.00,65.19,0.00,0.00,0.00,0.00,0.00,0.00,54.33,54.11,0.00,0.00,0.00,0.00,0.00,0.00,0.00,0.00,0.00,0.00,0.00,0.00,0.00,58.74,0
59.06,0.00,0.00,0.00,56.86,63.67,0.00,60.52,58.13,63.45,0.00,0.00,0.00,0.00,79.33,62.54,65.87,60.83,0.00,0.00,0.00,0.00,0.00,0.00,0.00,0.00,0.00,57.59,0.00,0.00,0.00,71.46,90
58.74,0.00,0.00,0.00,99.83,55.43,0.00,0.00,0.00,56.97,0.00,0.00,0.00,0.00,0.00,0.00,0.00,59.21,0.00,0.00,0.00,0.00,0.00,0.00,0.00,0.00,0.00,0.00,0.00,0.00,0.00,0.00,135
78.61,0.00,0.00,0.00,77.19,57.72,0.00,52.89,56.65,65.47,0.00,55.98,0.00,0.00,0.00,0.00,52.42,59.91,0.00,0.00,0.00,0.00,0.00,0.00,0.00,0.00,0.00,55.63,0.00,0.00,0.00,61.09,180
66.09,0.00,0.00,0.00,64.47,59.78,0.00,54.95,59.04,60.14,0.00,0.00,0.00,0.00,53.53,57.21,0.00,56.15,0.00,0.00,0.00,0.00,0.00,0.00,0.00,0.00,0.00,0.00,0.00,0.00,0.00,65.72,0
55.75,0.00,0.00,0.00,76.67,57.77,0.00,55.26,0.00,59.46,0.00,0.00,0.00,0.00,71.17,57.52,54.42,59.55,0.00,0.00,0.00,0.00,0.00,0.00,0.00,0.00,0.00,0.00,0.00,0.00,0.00,63.85,315
57.08,0.00,0.00,0.00,57.74,61.23,0.00,65.27,62.92,63.92,0.00,0.00,0.00,0.00,63.12,72.21,51.39,60.39,0.00,0.00,0.00,0.00,0.00,0.00,0.00,0.00,0.00,53.48,0.00,0.00,0.00,60.39,90
64.73,0.00,0.00,0.00,58.01,0.00,0.00,57.14,55.03,66.98,0.00,0.00,0.00,0.00,0.00,51.87,56.16,52.86,0.00,0.00,0.00,0.00,0.00,0.00,0.00,0.00,0.00,0.00,0.00,0.00,0.00,61.31,270
56.20,0.00,0.00,0.00,95.32,64.81,0.00,0.00,0.00,58.46,0.00,0.00,0.00,0.00,61.54,0.00,0.00,51.11,0.00,0.00,0.00,0.00,0.00,0.00,0.00,0.00,0.00,0.00,0.00,0.00,0.00,59.12,135
58.09,56.39,0.00,0.00,58.21,65.89,0.00,64.29,62.39,62.32,52.83,58.79,0.00,0.00,74.65,61.74,54.38,59.28,0.00,0.00,0.00,0.00,0.00,0.00,54.36,0.00,55.97,57.10,0.00,0.00,0.00,59.76,45
86.73,0.00,0.00,0.00,0.00,64.05,0.00,0.00,55.95,0.00,0.00,0.00,0.00,0.00,54.01,0.00,0.00,55.30,0.00,0.00,0.00,0.00,0.00,0.00,0.00,0.00,0.00,0.00,0.00,0.00,0.00,54.08,0
61.97,0.00,0.00,0.00,103.82,0.00,0.00,62.41,54.41,62.58,0.00,0.00,0.00,0.00,59.33,58.34,52.07,54.88,0.00,0.00,0.00,0.00,0.00,0.00,0.00,0.00,0.00,53.66,0.00,0.00,0.00,62.91,135
57.45,0.00,0.00,0.00,76.79,65.17,0.00,0.00,0.00,66.57,0.00,0.00,0.00,0.00,0.00,0.00,0.00,52.45,0.00,0.00,0.00,0.00,0.00,0.00,0.00,0.00,0.00,0.00,0.00,0.00,0.00,54.48,135
56.37,0.00,0.00,0.00,107.65,55.72,0.00,68.98,53.25,64.13,0.00,0.00,0.00,0.00,0.00,0.00,0.00,55.97,0.00,0.00,0.00,0.00,0.00,0.00,0.00,0.00,0.00,0.00,0.00,0.00,0.00,58.76,135
66.30,0.00,0.00,0.00,64.71,67.59,0.00,54.75,68.41,63.67,0.00,0.00,0.00,0.00,0.00,0.00,57.84,60.64,0.00,0.00,0.00,0.00,0.00,0.00,54.92,0.00,0.00,56.30,0.00,0.00,0.00,53.50,270
59.30,67.88,0.00,0.00,57.63,58.37,0.00,59.90,63.73,65.20,0.00,56.32,0.00,64.86,65.84,58.98,0.00,59.64,0.00,0.00,0.00,0.00,0.00,0.00,58.11,0.00,0.00,62.40,0.00,0.00,0.00,54.32,90
58.93,0.00,0.00,0.00,111.92,69.43,0.00,61.16,0.00,60.50,0.00,0.00,0.00,0.00,59.62,53.45,0.00,60.43,0.00,0.00,0.00,0.00,0.00,0.00,0.00,0.00,0.00,56.04,0.00,0.00,0.00,52.37,135
69.70,0.00,0.00,0.00,56.42,65.02,0.00,58.36,65.24,60.38,0.00,0.00,0.00,0.00,54.25,56.45,60.20,57.82,0.00,0.00,0.00,0.00,0.00,0.00,54.84,0.00,0.00,64.35,0.00,0.00,0.00,62.87,45
0.00,0.00,0.00,0.00,54.34,0.00,0.00,59.83,63.90,0.00,0.00,0.00,0.00,0.00,0.00,0.00,53.48,60.06,0.00,0.00,0.00,0.00,0.00,0.00,0.00,0.00,0.00,54.71,0.00,0.00,0.00,64.06,270
60.86,0.00,0.00,0.00,61.23,66.63,0.00,54.51,71.38,59.88,0.00,0.00,0.00,0.00,0.00,0.00,0.00,61.23,0.00,0.00,0.00,0.00,0.00,0.00,0.00,0.00,0.00,55.11,0.00,0.00,0.00,68.54,45
53.58,0.00,0.00,0.00,57.20,56.77,0.00,61.11,64.66,63.02,0.00,0.00,0.00,0.00,55.59,54.83,61.63,59.72,0.00,0.00,0.00,0.00,0.00,0.00,0.00,0.00,0.00,55.82,0.00,0.00,0.00,66.52,90
0.00,0.00,0.00,0.00,53.62,75.04,0.00,59.17,57.91,55.57,0.00,0.00,0.00,0.00,0.00,0.00,55.53,60.47,0.00,0.00,0.00,0.00,0.00,0.00,0.00,0.00,0.00,54.66,0.00,0.00,0.00,59.52,0
61.46,0.00,0.00,0.00,100.80,72.52,0.00,53.17,0.00,69.20,0.00,0.00,0.00,0.00,0.00,59.72,0.00,58.64,0.00,0.00,0.00,0.00,0.00,0.00,0.00,0.00,0.00,0.00,0.00,0.00,0.00,0.00,135
58.85,0.00,0.00,0.00,130.57,58.42,0.00,58.57,58.36,56.51,0.00,0.00,0.00,0.00,56.99,0.00,0.00,58.75,0.00,0.00,0.00,52.81,0.00,0.00,0.00,0.00,0.00,0.00,0.00,0.00,0.00,58.57,180
59.17,0.00,0.00,0.00,59.44,0.00,0.00,55.95,0.00,0.00,0.00,0.00,0.00,0.00,57.84,0.00,55.79,63.88,0.00,0.00,0.00,0.00,0.00,0.00,0.00,0.00,0.00,0.00,0.00,0.00,0.00,61.75,90
59.08,0.00,55.35,0.00,62.30,62.85,0.00,77.20,65.50,68.35,53.90,0.00,0.00,0.00,62.97,0.00,54.04,56.77,0.00,0.00,0.00,0.00,0.00,0.00,54.21,0.00,0.00,55.17,0.00,0.00,0.00,56.26,90
61.14,0.00,0.00,0.00,56.01,58.74,0.00,57.90,64.50,61.81,0.00,0.00,0.00,0.00,53.69,53.63,0.00,56.03,0.00,0.00,0.00,0.00,0.00,0.00,0.00,0.00,0.00,0.00,0.00,0.00,0.00,62.62,90
57.06,0.00,0.00,0.00,85.11,53.11,0.00,55.35,59.83,63.12,0.00,0.00,0.00,0.00,57.89,54.25,53.54,65.99,0.00,0.00,0.00,0.00,0.00,0.00,0.00,0.00,0.00,0.00,0.00,0.00,0.00,56.68,135
84.16,0.00,0.00,0.00,82.31,57.49,0.00,58.84,62.98,60.67,0.00,0.00,0.00,0.00,87.74,71.93,55.02,58.20,0.00,0.00,0.00,51.35,0.00,0.00,53.73,0.00,0.00,0.00,0.00,0.00,0.00,50.93,135
60.94,0.00,0.00,0.00,61.33,56.88,0.00,58.42,67.63,60.41,0.00,0.00,0.00,0.00,56.82,58.45,59.24,67.85,0.00,0.00,0.00,57.59,0.00,0.00,65.63,0.00,0.00,55.97,0.00,0.00,0.00,68.43,270
57.52,56.18,55.54,0.00,58.11,60.62,0.00,56.93,57.41,60.94,50.39,0.00,0.00,0.00,110.56,58.10,0.00,52.52,0.00,0.00,0.00,0.00,0.00,0.00,0.00,0.00,0.00,53.27,0.00,0.00,0.00,63.97,0
60.69,0.00,0.00,0.00,0.00,0.00,0.00,0.00,58.83,0.00,0.00,0.00,0.00,0.00,56.68,0.00,57.57,0.00,0.00,0.00,0.00,0.00,0.00,0.00,51.69,0.00,0.00,0.00,0.00,0.00,0.00,55.09,270
62.61,0.00,0.00,0.00,98.96,62.67,0.00,57.90,60.37,62.39,0.00,0.00,0.00,0.00,58.87,56.98,54.11,66.62,0.00,0.00,0.00,0.00,0.00,0.00,0.00,0.00,0.00,50.39,0.00,0.00,0.00,54.53,135
56.24,0.00,0.00,0.00,56.63,0.00,0.00,51.97,54.50,63.31,0.00,0.00,0.00,0.00,0.00,54.52,0.00,56.34,0.00,0.00,0.00,0.00,0.00,0.00,62.87,0.00,0.00,0.00,0.00,0.00,0.00,59.32,90
58.12,0.00,0.00,0.00,58.25,58.84,0.00,60.36,60.00,63.45,0.00,0.00,0.00,0.00,64.41,0.00,60.01,61.70,0.00,0.00,0.00,0.00,0.00,0.00,0.00,0.00,59.94,57.17,0.00,0.00,0.00,61.85,270
57.41,0.00,0.00,0.00,85.44,56.14,0.00,0.00,52.32,59.96,0.00,0.00,0.00,0.00,0.00,57.49,0.00,58.53,0.00,0.00,0.00,0.00,0.00,0.00,0.00,0.00,0.00,58.38,0.00,0.00,0.00,55.29,135
59.35,0.00,0.00,0.00,101.62,59.52,0.00,58.52,74.28,63.14,0.00,0.00,0.00,0.00,54.59,0.00,56.97,59.24,0.00,0.00,0.00,0.00,0.00,0.00,0.00,0.00,0.00,55.13,0.00,0.00,0.00,61.40,180
58.61,0.00,0.00,0.00,56.26,59.53,0.00,62.20,71.25,67.31,0.00,0.00,0.00,0.00,0.00,0.00,0.00,56.33,0.00,0.00,0.00,0.00,0.00,0.00,0.00,0.00,0.00,55.88,0.00,0.00,0.00,61.54,225
57.54,0.00,0.00,0.00,53.67,0.00,0.00,61.10,0.00,63.74,0.00,0.00,0.00,0.00,0.00,0.00,55.82,65.63,0.00,0.00,0.00,0.00,0.00,0.00,0.00,0.00,0.00,0.00,0.00,0.00,0.00,52.41,225
62.55,0.00,0.00,0.00,54.92,58.97,0.00,57.58,55.64,59.93,0.00,0.00,0.00,0.00,0.00,0.00,52.32,54.46,0.00,0.00,0.00,0.00,0.00,0.00,0.00,0.00,0.00,57.37,0.00,0.00,0.00,65.55,45
0.00,0.00,0.00,0.00,0.00,65.64,0.00,0.00,0.00,55.44,0.00,0.00,0.00,0.00,0.00,0.00,0.00,53.93,0.00,0.00,0.00,0.00,0.00,0.00,0.00,0.00,0.00,58.26,0.00,0.00,0.00,56.06,0
60.02,0.00,0.00,0.00,72.38,65.29,0.00,59.16,61.65,62.67,54.29,0.00,0.00,0.00,57.01,51.60,0.00,63.88,0.00,0.00,0.00,0.00,0.00,0.00,0.00,0.00,0.00,53.69,0.00,0.00,0.00,0.00,315
56.39,0.00,0.00,0.00,124.65,0.00,0.00,0.00,61.59,61.33,0.00,0.00,0.00,0.00,0.00,53.69,0.00,54.93,0.00,0.00,0.00,0.00,0.00,0.00,0.00,0.00,0.00,0.00,0.00,0.00,0.00,0.00,315
0.00,0.00,0.00,0.00,0.00,56.69,0.00,60.24,60.16,0.00,0.00,0.00,0.00,0.00,0.00,0.00,0.00,0.00,0.00,0.00,0.00,0.00,0.00,0.00,0.00,0.00,0.00,0.00,0.00,0.00,0.00,0.00,45
52.58,0.00,0.00,0.00,56.02,0.00,0.00,61.44,0.00,62.98,0.00,0.00,0.00,0.00,55.33,0.00,53.95,61.42,0.00,0.00,0.00,0.00,0.00,0.00,0.00,0.00,0.00,0.00,0.00,0.00,0.00,59.35,225
0.00,0.00,0.00,0.00,0.00,65.53,0.00,56.46,60.63,56.82,0.00,0.00,0.00,0.00,0.00,0.00,0.00,55.76,0.00,0.00,0.00,0.00,0.00,0.00,0.00,0.00,0.00,0.00,0.00,0.00,0.00,54.00,0
60.55,0.00,0.00,0.00,100.93,0.00,0.00,77.25,57.18,0.00,0.00,0.00,0.00,0.00,0.00,0.00,0.00,0.00,0.00,0.00,0.00,0.00,0.00,0.00,0.00,0.00,0.00,0.00,0.00,0.00,0.00,0.00,315
0.00,0.00,0.00,0.00,0.00,53.28,0.00,64.72,58.58,77.41,0.00,0.00,0.00,0.00,56.96,0.00,58.01,57.11,0.00,0.00,0.00,0.00,0.00,0.00,0.00,64.27,0.00,56.92,0.00,0.00,0.00,60.35,90
69.56,0.00,0.00,0.00,61.62,61.82,0.00,58.35,58.79,58.97,0.00,0.00,0.00,0.00,69.82,67.99,70.19,63.24,0.00,0.00,0.00,0.00,0.00,0.00,0.00,0.00,0.00,52.96,0.00,0.00,0.00,57.82,45
53.95,0.00,0.00,0.00,70.65,60.21,0.00,0.00,57.77,60.76,0.00,0.00,0.00,0.00,56.32,0.00,0.00,0.00,0.00,0.00,0.00,0.00,0.00,0.00,0.00,0.00,0.00,0.00,0.00,0.00,0.00,0.00,315
57.27,0.00,55.62,0.00,75.91,60.55,0.00,60.34,63.04,59.98,0.00,0.00,0.00,0.00,53.55,56.45,0.00,66.61,0.00,0.00,0.00,0.00,0.00,0.00,54.17,0.00,0.00,53.42,0.00,0.00,0.00,52.20,135
56.62,0.00,0.00,0.00,0.00,0.00,0.00,58.14,0.00,57.54,0.00,0.00,0.00,0.00,0.00,0.00,55.78,60.13,0.00,0.00,0.00,0.00,0.00,0.00,0.00,0.00,0.00,0.00,0.00,0.00,0.00,59.43,90
69.76,0.00,60.44,71.93,66.50,67.82,55.99,71.65,68.03,67.68,55.80,58.40,0.00,66.15,90.86,91.71,56.00,61.64,0.00,61.40,53.08,59.46,0.00,0.00,63.75,0.00,0.00,57.96,0.00,0.00,0.00,63.58,225
57.84,0.00,0.00,0.00,56.24,55.01,0.00,59.69,0.00,62.04,0.00,0.00,0.00,0.00,0.00,0.00,57.10,56.08,0.00,0.00,0.00,0.00,0.00,0.00,0.00,0.00,0.00,0.00,0.00,0.00,0.00,64.38,90
53.37,0.00,0.00,0.00,76.08,59.97,0.00,69.88,62.07,61.79,0.00,0.00,0.00,0.00,54.98,0.00,0.00,61.55,0.00,0.00,0.00,0.00,0.00,0.00,0.00,0.00,0.00,0.00,0.00,0.00,0.00,0.00,135
63.33,0.00,0.00,0.00,67.16,74.73,0.00,61.55,63.76,64.03,0.00,0.00,0.00,0.00,59.49,60.09,56.75,59.61,0.00,0.00,0.00,0.00,0.00,0.00,0.00,0.00,0.00,64.92,0.00,0.00,0.00,65.91,45
57.24,0.00,0.00,0.00,63.64,60.30,0.00,55.94,56.57,62.04,0.00,0.00,0.00,0.00,51.27,0.00,59.44,56.21,0.00,0.00,0.00,0.00,0.00,0.00,0.00,0.00,0.00,54.60,0.00,0.00,0.00,57.03,45
0.00,0.00,0.00,0.00,0.00,53.81,0.00,56.97,62.21,70.36,0.00,0.00,0.00,0.00,52.99,0.00,0.00,69.49,0.00,0.00,0.00,0.00,0.00,0.00,55.54,0.00,0.00,0.00,0.00,0.00,0.00,68.79,45
61.85,0.00,63.76,0.00,69.07,67.06,0.00,61.32,64.30,62.69,0.00,0.00,0.00,0.00,86.56,73.02,58.73,64.28,0.00,0.00,0.00,0.00,0.00,0.00,59.53,69.48,0.00,58.58,0.00,0.00,0.00,85.27,90
56.45,0.00,0.00,0.00,96.22,62.14,0.00,60.97,59.13,60.05,0.00,0.00,0.00,0.00,59.64,57.41,0.00,52.56,0.00,0.00,0.00,0.00,0.00,0.00,0.00,0.00,0.00,0.00,0.00,0.00,0.00,54.64,180
57.27,0.00,0.00,0.00,56.61,60.57,0.00,65.85,74.71,58.20,0.00,0.00,0.00,0.00,71.15,69.61,0.00,55.69,0.00,0.00,0.00,0.00,0.00,0.00,0.00,0.00,0.00,56.08,56.34,0.00,0.00,58.46,225
60.66,61.84,0.00,0.00,79.73,64.76,0.00,60.42,59.89,59.64,0.00,0.00,0.00,0.00,0.00,0.00,0.00,59.39,0.00,0.00,0.00,0.00,0.00,0.00,0.00,0.00,0.00,0.00,0.00,0.00,0.00,58.63,180
62.91,0.00,0.00,0.00,96.74,70.44,0.00,69.01,59.83,69.15,0.00,0.00,0.00,0.00,0.00,0.00,0.00,55.88,0.00,0.00,0.00,0.00,0.00,0.00,0.00,0.00,0.00,54.03,0.00,0.00,0.00,59.63,180
71.46,0.00,0.00,0.00,62.72,59.35,0.00,59.37,64.05,63.56,0.00,0.00,0.00,0.00,56.98,57.87,61.55,57.06,0.00,0.00,0.00,0.00,0.00,0.00,0.00,0.00,0.00,0.00,0.00,0.00,0.00,71.90,270
66.48,0.00,0.00,0.00,92.86,63.34,0.00,59.75,61.44,62.31,0.00,0.00,0.00,0.00,0.00,0.00,51.13,55.31,0.00,0.00,0.00,0.00,0.00,0.00,0.00,0.00,0.00,55.04,0.00,0.00,0.00,61.58,180
56.82,0.00,0.00,0.00,68.21,0.00,0.00,61.15,63.20,0.00,0.00,0.00,0.00,0.00,0.00,0.00,56.05,58.69,0.00,0.00,0.00,0.00,0.00,0.00,0.00,0.00,0.00,0.00,0.00,0.00,0.00,54.87,270
58.50,0.00,0.00,0.00,69.20,57.88,0.00,62.86,62.19,61.85,0.00,0.00,0.00,0.00,56.30,60.69,52.31,0.00,0.00,0.00,0.00,0.00,0.00,0.00,0.00,0.00,0.00,0.00,0.00,0.00,0.00,56.83,225
57.00,0.00,0.00,0.00,127.95,61.07,0.00,57.33,62.23,60.91,0.00,0.00,0.00,0.00,0.00,0.00,57.51,62.14,0.00,0.00,0.00,0.00,0.00,0.00,0.00,0.00,0.00,0.00,0.00,0.00,0.00,63.51,135
0.00,0.00,0.00,0.00,0.00,0.00,0.00,59.56,0.00,61.59,0.00,0.00,0.00,0.00,0.00,0.00,55.26,63.28,0.00,0.00,0.00,0.00,0.00,0.00,0.00,0.00,0.00,65.01,0.00,0.00,0.00,0.00,225
76.91,0.00,0.00,0.00,60.42,62.88,0.00,57.30,60.36,61.91,0.00,0.00,0.00,0.00,62.06,63.95,57.45,56.33,0.00,0.00,0.00,0.00,0.00,0.00,0.00,0.00,0.00,57.84,0.00,0.00,0.00,62.72,270
60.53,0.00,0.00,0.00,61.73,60.79,0.00,66.02,59.23,58.58,0.00,0.00,0.00,0.00,53.22,55.92,60.56,68.08,0.00,0.00,0.00,0.00,0.00,0.00,0.00,0.00,0.00,70.86,0.00,0.00,0.00,77.44,270
56.26,0.00,0.00,0.00,82.30,59.46,0.00,61.76,64.62,61.48,0.00,0.00,0.00,0.00,0.00,0.00,53.18,66.24,0.00,0.00,0.00,0.00,0.00,0.00,0.00,0.00,0.00,52.46,0.00,0.00,0.00,0.00,315
53.24,0.00,0.00,0.00,85.36,62.35,0.00,0.00,67.70,0.00,0.00,0.00,0.00,0.00,0.00,0.00,0.00,61.72,0.00,0.00,0.00,0.00,0.00,0.00,0.00,0.00,0.00,0.00,0.00,0.00,0.00,57.56,0
73.14,0.00,0.00,0.00,80.72,57.19,0.00,68.95,60.21,58.73,0.00,0.00,0.00,0.00,83.09,78.56,65.02,64.23,0.00,0.00,53.96,62.50,0.00,0.00,0.00,0.00,57.10,58.18,0.00,0.00,0.00,66.19,315
62.76,0.00,0.00,0.00,125.58,62.18,0.00,60.66,56.77,65.26,0.00,0.00,0.00,0.00,58.95,60.21,0.00,0.00,0.00,0.00,0.00,0.00,0.00,0.00,0.00,0.00,0.00,0.00,0.00,0.00,0.00,0.00,180
0.00,0.00,0.00,0.00,117.50,0.00,0.00,0.00,58.58,68.64,0.00,0.00,0.00,0.00,0.00,0.00,0.00,0.00,0.00,0.00,0.00,0.00,0.00,0.00,0.00,0.00,0.00,0.00,0.00,0.00,0.00,51.77,315
0.00,0.00,0.00,0.00,53.87,0.00,0.00,58.93,61.00,57.88,0.00,0.00,0.00,0.00,0.00,0.00,60.44,60.76,0.00,0.00,0.00,0.00,0.00,0.00,0.00,0.00,0.00,0.00,0.00,0.00,0.00,64.86,90
59.02,0.00,0.00,0.00,79.42,63.72,0.00,77.40,0.00,59.66,0.00,0.00,0.00,0.00,57.00,0.00,0.00,0.00,0.00,0.00,0.00,0.00,0.00,0.00,0.00,0.00,0.00,58.67,0.00,0.00,0.00,54.99,135
60.25,0.00,0.00,0.00,81.23,57.70,0.00,62.70,81.77,60.41,0.00,56.23,0.00,0.00,87.95,63.88,0.00,64.11,0.00,0.00,0.00,0.00,0.00,0.00,52.10,0.00,0.00,0.00,53.92,0.00,0.00,67.61,180
78.99,0.00,0.00,0.00,83.34,71.08,0.00,63.71,64.28,63.78,0.00,0.00,0.00,0.00,0.00,52.47,0.00,0.00,0.00,0.00,0.00,0.00,0.00,0.00,0.00,0.00,0.00,0.00,0.00,0.00,0.00,56.84,180
60.68,0.00,0.00,0.00,61.65,63.37,0.00,58.03,65.12,58.71,0.00,0.00,0.00,0.00,50.94,0.00,0.00,66.27,0.00,0.00,0.00,0.00,0.00,0.00,0.00,0.00,0.00,0.00,0.00,0.00,0.00,58.25,0
63.07,0.00,0.00,0.00,81.61,69.89,0.00,60.69,63.18,61.12,0.00,0.00,0.00,0.00,79.02,83.63,0.00,52.56,0.00,0.00,0.00,0.00,0.00,0.00,0.00,0.00,0.00,67.40,0.00,0.00,0.00,55.77,135
60.71,0.00,0.00,0.00,59.90,58.16,0.00,65.77,66.07,60.32,0.00,0.00,0.00,0.00,0.00,0.00,51.26,64.69,0.00,0.00,0.00,0.00,0.00,0.00,0.00,0.00,0.00,69.24,0.00,0.00,0.00,56.85,270
60.76,0.00,0.00,0.00,92.40,65.15,0.00,61.36,66.32,60.81,0.00,0.00,0.00,0.00,70.00,64.79,54.54,67.73,0.00,0.00,0.00,0.00,0.00,0.00,0.00,0.00,0.00,0.00,0.00,0.00,0.00,0.00,135
68.37,83.76,71.95,0.00,73.28,65.14,0.00,68.76,68.45,60.33,0.00,0.00,0.00,0.00,96.11,91.16,56.44,64.66,0.00,0.00,56.20,62.06,0.00,0.00,58.41,0.00,63.65,64.47,56.73,58.27,0.00,62.82,135
0.00,0.00,0.00,0.00,53.44,0.00,0.00,57.88,0.00,60.46,0.00,0.00,0.00,0.00,0.00,0.00,0.00,52.02,0.00,0.00,0.00,0.00,0.00,0.00,0.00,0.00,0.00,0.00,0.00,0.00,0.00,58.41,225
0.00,0.00,0.00,0.00,0.00,0.00,0.00,0.00,0.00,0.00,0.00,0.00,0.00,0.00,0.00,0.00,0.00,0.00,0.00,0.00,0.00,0.00,0.00,0.00,0.00,0.00,0.00,0.00,0.00,0.00,0.00,53.63,0
70.24,0.00,0.00,0.00,57.21,65.24,0.00,57.05,60.04,62.39,0.00,0.00,0.00,0.00,116.83,0.00,61.84,69.67,0.00,0.00,0.00,0.00,0.00,0.00,0.00,0.00,0.00,64.91,0.00,0.00,0.00,61.19,90
66.91,0.00,0.00,0.00,64.63,70.76,0.00,55.00,69.72,60.65,0.00,0.00,0.00,0.00,61.88,62.80,57.38,65.29,0.00,0.00,0.00,0.00,0.00,0.00,0.00,0.00,0.00,0.00,0.00,0.00,0.00,57.41,270
52.49,0.00,0.00,0.00,0.00,70.37,0.00,58.29,65.48,61.03,0.00,0.00,0.00,0.00,53.98,0.00,51.61,57.63,0.00,0.00,0.00,0.00,0.00,0.00,0.00,0.00,0.00,0.00,0.00,0.00,0.00,54.26,0
58.15,0.00,0.00,0.00,123.48,62.90,0.00,62.64,56.61,56.30,0.00,0.00,0.00,0.00,0.00,0.00,0.00,0.00,0.00,0.00,0.00,0.00,0.00,0.00,0.00,0.00,0.00,68.79,0.00,0.00,0.00,0.00,135
60.50,0.00,0.00,0.00,76.75,66.30,0.00,55.50,68.64,59.39,0.00,0.00,0.00,0.00,0.00,0.00,62.32,61.99,0.00,0.00,0.00,0.00,0.00,0.00,0.00,0.00,52.37,53.90,0.00,0.00,0.00,54.18,315
59.36,0.00,0.00,0.00,89.06,55.79,0.00,64.62,58.52,58.07,0.00,0.00,0.00,0.00,0.00,0.00,0.00,54.77,0.00,0.00,0.00,0.00,0.00,0.00,0.00,0.00,0.00,0.00,0.00,0.00,0.00,0.00,135
55.34,0.00,0.00,0.00,72.62,59.82,0.00,63.57,62.40,62.82,0.00,0.00,0.00,0.00,53.15,0.00,0.00,67.06,0.00,0.00,0.00,0.00,0.00,0.00,0.00,0.00,0.00,0.00,0.00,0.00,0.00,0.00,225
59.44,0.00,0.00,0.00,100.37,60.73,0.00,0.00,57.04,62.49,0.00,0.00,0.00,0.00,0.00,0.00,0.00,55.89,0.00,0.00,0.00,0.00,0.00,0.00,0.00,0.00,0.00,0.00,0.00,0.00,0.00,56.66,315
52.35,0.00,0.00,0.00,56.86,0.00,0.00,58.94,0.00,60.67,0.00,0.00,0.00,0.00,0.00,0.00,0.00,58.87,0.00,0.00,0.00,0.00,0.00,0.00,0.00,0.00,0.00,0.00,0.00,0.00,0.00,60.40,90
50.96,0.00,0.00,0.00,63.17,63.01,0.00,62.06,70.08,56.89,0.00,0.00,0.00,0.00,0.00,0.00,0.00,0.00,0.00,0.00,0.00,0.00,0.00,0.00,0.00,0.00,0.00,0.00,0.00,0.00,0.00,52.41,45
57.76,0.00,0.00,0.00,58.07,59.19,0.00,66.99,61.61,63.47,0.00,0.00,0.00,0.00,0.00,62.70,53.23,65.21,0.00,0.00,0.00,0.00,0.00,0.00,54.24,0.00,0.00,67.45,0.00,0.00,0.00,0.00,90
60.83,58.06,0.00,0.00,57.29,62.22,0.00,58.32,56.25,61.82,0.00,0.00,0.00,0.00,56.26,0.00,56.41,57.93,0.00,0.00,0.00,0.00,0.00,0.00,0.00,0.00,0.00,57.53,0.00,0.00,0.00,64.20,0
61.37,0.00,0.00,0.00,127.33,77.76,0.00,59.59,65.63,66.74,0.00,0.00,0.00,0.00,97.51,65.35,0.00,0.00,0.00,0.00,0.00,0.00,0.00,0.00,0.00,0.00,0.00,0.00,0.00,0.00,0.00,0.00,180
54.30,0.00,0.00,0.00,91.97,63.63,0.00,60.27,73.20,54.07,0.00,0.00,0.00,0.00,0.00,0.00,0.00,0.00,0.00,0.00,0.00,0.00,0.00,0.00,0.00,0.00,0.00,0.00,0.00,0.00,0.00,0.00,180
52.76,0.00,0.00,0.00,55.42,62.94,0.00,60.04,62.39,65.92,0.00,0.00,0.00,0.00,0.00,0.00,0.00,0.00,0.00,0.00,0.00,0.00,0.00,0.00,0.00,0.00,0.00,0.00,0.00,0.00,0.00,56.70,45
54.55,0.00,0.00,0.00,0.00,0.00,0.00,74.55,0.00,66.62,0.00,0.00,0.00,0.00,0.00,0.00,55.22,57.59,0.00,0.00,0.00,0.00,0.00,0.00,0.00,0.00,0.00,57.12,0.00,0.00,0.00,57.23,90
59.78,0.00,0.00,0.00,58.44,70.01,0.00,69.77,63.12,61.05,0.00,0.00,0.00,0.00,70.02,80.44,54.11,55.74,0.00,0.00,0.00,0.00,0.00,0.00,52.80,0.00,52.52,68.28,0.00,0.00,0.00,58.89,270
57.51,0.00,0.00,0.00,63.43,58.53,0.00,60.68,73.82,59.68,0.00,0.00,0.00,0.00,0.00,61.21,64.62,64.89,0.00,0.00,0.00,0.00,0.00,0.00,56.66,0.00,0.00,61.33,0.00,0.00,0.00,62.74,270
58.18,0.00,0.00,0.00,68.52,58.94,0.00,66.45,72.89,59.10,0.00,53.00,0.00,0.00,56.23,54.75,0.00,65.19,0.00,0.00,0.00,0.00,0.00,0.00,0.00,0.00,0.00,0.00,0.00,0.00,0.00,59.65,225
55.27,0.00,0.00,0.00,55.06,65.29,0.00,62.31,61.89,60.81,0.00,0.00,0.00,0.00,51.98,0.00,0.00,0.00,0.00,0.00,0.00,0.00,0.00,0.00,0.00,0.00,0.00,51.82,0.00,0.00,0.00,0.00,0
64.45,0.00,0.00,0.00,89.23,76.81,0.00,0.00,56.66,57.40,0.00,0.00,0.00,0.00,0.00,0.00,55.20,58.69,0.00,0.00,0.00,0.00,0.00,0.00,0.00,0.00,0.00,65.47,0.00,0.00,0.00,71.43,315
60.57,0.00,0.00,0.00,84.56,75.25,0.00,58.35,66.07,65.70,0.00,0.00,0.00,0.00,0.00,0.00,0.00,0.00,0.00,0.00,0.00,0.00,0.00,0.00,0.00,0.00,0.00,0.00,0.00,0.00,0.00,0.00,180
66.64,67.48,67.94,59.17,68.88,71.79,53.11,68.68,69.78,64.48,0.00,55.97,0.00,65.36,89.64,77.58,57.23,59.07,0.00,0.00,54.14,69.53,58.33,0.00,64.50,0.00,55.70,59.07,0.00,0.00,0.00,58.36,45
71.41,0.00,0.00,0.00,85.75,66.56,0.00,68.73,57.67,61.21,0.00,0.00,0.00,0.00,65.85,59.71,61.33,64.01,0.00,0.00,0.00,82.51,0.00,0.00,0.00,0.00,0.00,0.00,0.00,0.00,0.00,60.15,180
60.67,0.00,0.00,0.00,0.00,61.08,0.00,0.00,58.29,54.29,0.00,0.00,0.00,0.00,0.00,0.00,0.00,52.97,0.00,0.00,0.00,0.00,0.00,0.00,0.00,0.00,0.00,0.00,0.00,0.00,0.00,56.78,270
59.35,0.00,0.00,0.00,66.89,69.41,0.00,65.12,65.72,61.39,0.00,0.00,0.00,0.00,0.00,0.00,54.10,62.27,0.00,0.00,0.00,0.00,0.00,0.00,0.00,0.00,0.00,0.00,0.00,0.00,0.00,59.67,45
63.91,0.00,0.00,0.00,76.48,64.25,0.00,69.86,64.98,63.79,0.00,0.00,0.00,0.00,0.00,55.30,52.91,58.42,0.00,0.00,0.00,0.00,0.00,0.00,0.00,0.00,0.00,53.89,0.00,0.00,0.00,0.00,180
55.39,0.00,0.00,0.00,95.65,64.38,0.00,68.85,0.00,68.79,0.00,0.00,0.00,0.00,0.00,0.00,0.00,56.96,0.00,0.00,0.00,0.00,0.00,0.00,0.00,0.00,0.00,0.00,0.00,0.00,0.00,54.50,180
0.00,0.00,0.00,0.00,0.00,66.28,0.00,0.00,55.54,62.18,0.00,0.00,0.00,0.00,0.00,0.00,0.00,59.86,0.00,0.00,0.00,0.00,0.00,0.00,0.00,0.00,0.00,0.00,0.00,0.00,0.00,55.95,0
0.00,0.00,0.00,0.00,95.76,64.27,0.00,72.21,59.20,66.95,0.00,0.00,0.00,0.00,0.00,57.52,0.00,60.48,0.00,0.00,0.00,0.00,0.00,0.00,0.00,0.00,0.00,0.00,0.00,0.00,0.00,0.00,180
0.00,0.00,0.00,0.00,110.09,0.00,0.00,54.33,0.00,62.64,0.00,0.00,0.00,0.00,0.00,0.00,0.00,0.00,0.00,0.00,0.00,0.00,0.00,0.00,0.00,0.00,0.00,0.00,0.00,0.00,0.00,0.00,180
59.13,0.00,0.00,0.00,70.09,55.94,0.00,65.84,62.33,62.89,0.00,0.00,0.00,0.00,0.00,52.67,0.00,55.65,0.00,0.00,0.00,0.00,0.00,0.00,0.00,0.00,0.00,0.00,0.00,0.00,0.00,0.00,90
0.00,0.00,0.00,0.00,0.00,0.00,0.00,0.00,0.00,64.83,0.00,0.00,0.00,0.00,0.00,0.00,0.00,0.00,0.00,0.00,0.00,0.00,0.00,0.00,0.00,0.00,0.00,0.00,0.00,0.00,0.00,0.00,315
57.56,0.00,0.00,0.00,59.35,68.27,0.00,61.28,62.54,64.66,0.00,0.00,0.00,0.00,0.00,64.49,52.86,54.38,0.00,0.00,0.00,0.00,0.00,0.00,0.00,0.00,0.00,0.00,0.00,0.00,0.00,67.17,0
56.10,0.00,0.00,0.00,85.78,0.00,0.00,0.00,62.47,60.99,0.00,0.00,0.00,0.00,0.00,0.00,0.00,0.00,0.00,0.00,0.00,0.00,0.00,0.00,0.00,0.00,0.00,0.00,0.00,0.00,0.00,0.00,135
55.27,0.00,0.00,0.00,65.45,71.24,0.00,58.39,61.65,64.87,0.00,0.00,0.00,0.00,0.00,50.56,69.79,71.18,0.00,0.00,0.00,0.00,0.00,0.00,0.00,0.00,0.00,61.98,0.00,0.00,0.00,0.00,0
62.25,0.00,0.00,0.00,69.11,66.62,0.00,62.34,62.02,66.38,0.00,0.00,0.00,0.00,0.00,58.55,0.00,0.00,0.00,0.00,0.00,0.00,0.00,0.00,0.00,0.00,0.00,0.00,0.00,0.00,0.00,0.00,225
0.00,0.00,0.00,0.00,76.90,64.11,0.00,92.14,0.00,60.74,0.00,0.00,0.00,0.00,0.00,0.00,0.00,54.27,0.00,0.00,0.00,0.00,0.00,0.00,0.00,0.00,0.00,0.00,0.00,0.00,0.00,0.00,180
0.00,0.00,0.00,0.00,72.69,0.00,0.00,0.00,0.00,61.22,0.00,0.00,0.00,0.00,0.00,0.00,0.00,0.00,0.00,0.00,0.00,0.00,0.00,0.00,0.00,0.00,0.00,0.00,0.00,0.00,0.00,0.00,315
54.35,0.00,0.00,0.00,62.24,0.00,0.00,62.80,62.14,53.13,0.00,0.00,0.00,0.00,0.00,0.00,59.06,60.36,0.00,0.00,0.00,0.00,0.00,0.00,57.66,0.00,0.00,56.81,0.00,0.00,0.00,55.87,270
59.20,70.24,0.00,59.73,56.64,62.49,0.00,70.91,65.66,60.65,0.00,52.95,0.00,62.68,78.37,67.71,0.00,58.39,0.00,0.00,0.00,0.00,0.00,0.00,0.00,0.00,0.00,0.00,0.00,0.00,0.00,54.00,90
60.42,0.00,0.00,0.00,64.15,66.07,0.00,86.66,73.56,68.50,0.00,0.00,0.00,0.00,75.96,71.43,57.80,55.82,0.00,0.00,0.00,0.00,0.00,0.00,0.00,0.00,0.00,0.00,0.00,0.00,0.00,59.99,225
55.40,0.00,0.00,0.00,0.00,69.27,0.00,64.19,0.00,62.05,0.00,0.00,0.00,0.00,0.00,56.02,0.00,0.00,0.00,0.00,0.00,0.00,0.00,0.00,0.00,0.00,0.00,0.00,0.00,0.00,0.00,0.00,135
60.44,0.00,0.00,0.00,60.15,78.29,0.00,63.95,63.45,63.62,0.00,0.00,0.00,0.00,99.58,86.68,59.98,53.64,0.00,0.00,0.00,0.00,0.00,0.00,0.00,0.00,0.00,56.44,0.00,0.00,0.00,57.13,270
61.19,54.57,0.00,0.00,61.93,65.80,0.00,63.05,69.63,64.81,0.00,0.00,0.00,0.00,0.00,0.00,61.10,67.08,0.00,0.00,0.00,0.00,0.00,0.00,0.00,0.00,0.00,60.40,0.00,0.00,0.00,58.68,270
56.75,0.00,0.00,0.00,0.00,81.71,0.00,0.00,0.00,64.36,0.00,0.00,0.00,0.00,0.00,0.00,0.00,58.08,0.00,0.00,0.00,0.00,0.00,0.00,0.00,0.00,0.00,0.00,0.00,0.00,0.00,75.89,45
60.30,0.00,0.00,0.00,78.80,70.15,0.00,52.45,55.93,69.86,0.00,0.00,0.00,0.00,0.00,0.00,0.00,60.14,0.00,0.00,0.00,0.00,0.00,0.00,0.00,0.00,0.00,0.00,0.00,0.00,0.00,72.02,0
61.20,0.00,0.00,0.00,69.05,66.87,0.00,63.75,59.56,67.54,0.00,0.00,0.00,0.00,0.00,53.96,51.66,56.66,0.00,0.00,0.00,0.00,0.00,0.00,0.00,0.00,0.00,0.00,0.00,0.00,0.00,67.17,315
55.07,0.00,0.00,0.00,62.27,0.00,0.00,77.02,65.45,75.25,0.00,0.00,0.00,0.00,0.00,57.32,58.80,61.76,0.00,0.00,0.00,0.00,0.00,0.00,0.00,0.00,0.00,51.20,0.00,0.00,0.00,62.58,270
53.14,0.00,0.00,0.00,91.12,70.25,0.00,77.63,57.53,66.03,0.00,0.00,0.00,0.00,0.00,0.00,60.51,63.19,0.00,0.00,0.00,0.00,0.00,0.00,0.00,0.00,0.00,52.83,0.00,0.00,0.00,0.00,135
57.33,0.00,0.00,0.00,59.24,68.37,0.00,57.38,63.88,66.90,0.00,0.00,0.00,0.00,0.00,0.00,67.16,74.22,0.00,0.00,0.00,0.00,0.00,0.00,70.15,0.00,0.00,60.14,0.00,0.00,0.00,60.68,0
55.60,0.00,0.00,0.00,65.04,60.31,0.00,74.84,62.67,71.93,0.00,0.00,0.00,0.00,66.96,0.00,58.41,68.67,0.00,0.00,0.00,0.00,0.00,0.00,0.00,0.00,0.00,58.38,0.00,0.00,0.00,56.54,0
0.00,0.00,0.00,0.00,70.79,58.68,0.00,85.66,59.15,60.63,0.00,0.00,0.00,0.00,0.00,0.00,0.00,53.41,0.00,0.00,0.00,0.00,0.00,0.00,0.00,0.00,0.00,0.00,0.00,0.00,0.00,0.00,45
52.92,0.00,0.00,0.00,78.62,68.82,0.00,0.00,0.00,76.25,0.00,0.00,0.00,0.00,0.00,63.62,0.00,0.00,0.00,0.00,0.00,0.00,0.00,0.00,0.00,0.00,0.00,61.83,0.00,0.00,0.00,0.00,315
59.09,0.00,0.00,0.00,89.31,70.68,0.00,57.88,60.39,74.01,0.00,0.00,0.00,0.00,0.00,0.00,0.00,57.49,0.00,0.00,0.00,0.00,0.00,0.00,0.00,0.00,0.00,0.00,0.00,0.00,0.00,0.00,315
57.94,0.00,0.00,0.00,74.92,60.75,0.00,82.71,65.42,63.14,0.00,0.00,0.00,0.00,55.45,57.07,52.65,55.65,0.00,0.00,0.00,0.00,0.00,0.00,0.00,0.00,0.00,51.65,0.00,0.00,0.00,62.58,225
59.92,0.00,0.00,0.00,71.75,83.66,0.00,71.24,58.34,68.68,0.00,0.00,0.00,0.00,119.50,84.22,0.00,50.52,0.00,0.00,0.00,0.00,0.00,0.00,0.00,0.00,0.00,0.00,0.00,0.00,0.00,54.01,225
62.18,0.00,0.00,0.00,62.03,65.93,0.00,58.60,62.67,70.75,0.00,0.00,0.00,0.00,0.00,0.00,59.16,56.25,0.00,0.00,0.00,0.00,0.00,0.00,0.00,52.11,0.00,0.00,0.00,0.00,0.00,66.94,45
63.36,0.00,0.00,0.00,68.94,58.80,0.00,88.68,65.18,66.69,0.00,54.52,0.00,0.00,51.21,64.05,0.00,52.32,0.00,0.00,0.00,0.00,0.00,0.00,0.00,0.00,0.00,0.00,0.00,0.00,0.00,54.95,225
59.50,0.00,0.00,0.00,57.05,67.41,0.00,69.93,62.43,75.44,0.00,0.00,0.00,0.00,0.00,61.40,55.19,64.75,0.00,0.00,0.00,0.00,0.00,0.00,0.00,0.00,0.00,0.00,0.00,0.00,0.00,57.24,0
56.92,0.00,0.00,0.00,56.81,59.78,0.00,77.42,66.29,63.98,0.00,0.00,0.00,0.00,53.56,50.67,0.00,0.00,0.00,0.00,0.00,0.00,0.00,0.00,0.00,0.00,0.00,0.00,0.00,0.00,0.00,0.00,225
53.15,0.00,0.00,0.00,58.08,55.74,0.00,0.00,58.03,74.34,0.00,0.00,0.00,0.00,0.00,0.00,55.75,57.31,0.00,0.00,0.00,0.00,0.00,0.00,0.00,0.00,0.00,0.00,0.00,0.00,0.00,0.00,0
57.84,0.00,0.00,0.00,79.43,65.34,0.00,69.87,63.92,69.34,0.00,63.55,60.01,0.00,0.00,65.84,0.00,58.37,0.00,0.00,0.00,0.00,0.00,0.00,0.00,0.00,0.00,51.21,0.00,0.00,0.00,65.39,180
0.00,0.00,0.00,0.00,109.55,61.00,0.00,0.00,59.56,68.70,0.00,0.00,0.00,0.00,0.00,0.00,0.00,70.52,0.00,0.00,0.00,0.00,0.00,0.00,0.00,0.00,0.00,61.43,0.00,0.00,0.00,63.65,135
0.00,0.00,0.00,0.00,0.00,0.00,0.00,0.00,54.79,61.33,0.00,0.00,0.00,0.00,0.00,0.00,51.46,66.56,0.00,0.00,0.00,0.00,0.00,0.00,0.00,0.00,0.00,0.00,0.00,0.00,0.00,0.00,0
63.78,0.00,0.00,0.00,53.94,66.53,0.00,60.81,0.00,65.49,0.00,0.00,0.00,0.00,76.01,85.53,0.00,0.00,0.00,0.00,0.00,0.00,0.00,0.00,0.00,63.61,0.00,58.17,0.00,0.00,0.00,55.51,225
56.65,0.00,0.00,0.00,55.81,0.00,0.00,86.72,64.66,63.93,0.00,0.00,0.00,0.00,0.00,0.00,0.00,55.07,0.00,0.00,0.00,0.00,0.00,0.00,0.00,0.00,0.00,57.63,0.00,0.00,0.00,55.09,90
62.37,0.00,0.00,0.00,56.65,85.71,0.00,65.42,61.11,71.99,0.00,0.00,0.00,0.00,0.00,0.00,55.67,55.97,0.00,0.00,0.00,0.00,0.00,0.00,0.00,0.00,0.00,0.00,0.00,0.00,0.00,57.80,45
68.87,0.00,0.00,0.00,69.25,58.93,0.00,63.14,55.64,0.00,0.00,0.00,0.00,0.00,77.11,64.40,56.88,54.88,0.00,0.00,0.00,0.00,0.00,0.00,0.00,0.00,0.00,0.00,0.00,0.00,0.00,57.70,270
0.00,0.00,0.00,0.00,74.39,0.00,0.00,0.00,0.00,59.59,0.00,0.00,0.00,0.00,0.00,0.00,0.00,0.00,0.00,0.00,0.00,0.00,0.00,0.00,0.00,0.00,0.00,0.00,0.00,0.00,0.00,0.00,315
65.94,0.00,0.00,0.00,63.15,56.91,0.00,78.37,66.15,67.64,0.00,0.00,0.00,0.00,53.20,0.00,0.00,59.97,0.00,0.00,0.00,0.00,0.00,0.00,0.00,0.00,0.00,56.12,0.00,0.00,0.00,52.77,270
63.37,0.00,0.00,0.00,58.61,55.62,0.00,97.66,58.39,59.58,0.00,0.00,0.00,0.00,0.00,0.00,55.15,57.23,0.00,0.00,0.00,0.00,0.00,0.00,0.00,0.00,0.00,54.36,0.00,0.00,0.00,66.54,45
54.09,0.00,0.00,0.00,65.68,63.79,0.00,78.81,61.09,64.90,0.00,0.00,0.00,0.00,54.14,62.00,52.23,56.41,0.00,0.00,0.00,0.00,0.00,0.00,0.00,0.00,0.00,0.00,0.00,0.00,0.00,52.90,135
59.57,0.00,0.00,0.00,58.93,65.98,0.00,89.98,62.20,60.91,0.00,0.00,0.00,0.00,0.00,0.00,50.50,60.36,0.00,0.00,0.00,0.00,0.00,0.00,0.00,0.00,0.00,58.84,0.00,0.00,0.00,61.12,45
57.00,0.00,0.00,0.00,64.80,68.22,0.00,68.45,58.08,63.83,0.00,0.00,0.00,0.00,64.16,0.00,0.00,0.00,0.00,0.00,0.00,0.00,0.00,0.00,0.00,0.00,0.00,0.00,0.00,0.00,0.00,0.00,225
56.58,0.00,0.00,0.00,68.56,74.47,0.00,66.67,57.88,64.55,0.00,0.00,0.00,0.00,0.00,0.00,52.48,60.94,0.00,0.00,0.00,0.00,0.00,0.00,0.00,0.00,0.00,55.40,0.00,0.00,0.00,0.00,315
52.64,0.00,0.00,0.00,62.79,62.67,0.00,68.40,68.96,74.39,0.00,0.00,0.00,0.00,0.00,60.92,0.00,0.00,0.00,0.00,0.00,0.00,0.00,0.00,0.00,0.00,0.00,0.00,0.00,0.00,0.00,0.00,225
61.54,0.00,0.00,0.00,116.18,58.45,0.00,67.28,53.54,62.00,0.00,0.00,0.00,0.00,80.65,82.32,0.00,63.39,0.00,0.00,0.00,0.00,0.00,0.00,0.00,0.00,0.00,61.08,0.00,0.00,0.00,55.12,180
61.72,0.00,0.00,0.00,63.60,54.35,0.00,70.88,65.54,72.11,0.00,0.00,0.00,0.00,0.00,0.00,53.18,55.71,0.00,0.00,0.00,0.00,0.00,0.00,0.00,0.00,0.00,0.00,0.00,0.00,0.00,57.84,90
0.00,0.00,0.00,0.00,77.16,70.54,0.00,92.73,54.57,61.37,0.00,0.00,0.00,0.00,0.00,0.00,53.51,0.00,0.00,0.00,0.00,0.00,0.00,0.00,0.00,0.00,0.00,0.00,0.00,0.00,0.00,0.00,0
65.21,0.00,0.00,0.00,71.12,79.12,0.00,71.31,73.11,70.70,0.00,55.49,0.00,0.00,52.18,61.75,0.00,51.44,0.00,0.00,0.00,0.00,0.00,0.00,0.00,0.00,0.00,0.00,0.00,0.00,0.00,0.00,225
60.09,0.00,0.00,0.00,61.43,56.36,0.00,58.12,65.60,80.08,0.00,0.00,0.00,0.00,0.00,56.81,52.23,63.50,0.00,0.00,0.00,0.00,0.00,0.00,0.00,0.00,0.00,0.00,0.00,0.00,0.00,67.63,270
55.37,0.00,0.00,0.00,73.22,66.18,0.00,0.00,62.23,67.82,0.00,0.00,0.00,0.00,0.00,0.00,53.81,55.96,0.00,0.00,0.00,0.00,0.00,0.00,0.00,0.00,0.00,51.77,0.00,0.00,0.00,54.56,315
50.95,0.00,0.00,0.00,50.92,0.00,0.00,0.00,0.00,60.48,0.00,0.00,0.00,0.00,0.00,0.00,52.86,64.40,0.00,0.00,0.00,0.00,0.00,0.00,0.00,0.00,0.00,0.00,0.00,0.00,0.00,0.00,90
53.75,0.00,0.00,0.00,0.00,0.00,0.00,0.00,0.00,75.12,0.00,0.00,0.00,0.00,0.00,56.02,57.00,0.00,0.00,0.00,0.00,0.00,0.00,0.00,0.00,0.00,0.00,0.00,0.00,0.00,0.00,54.77,270
61.29,0.00,0.00,0.00,70.40,0.00,0.00,98.37,63.41,68.74,0.00,0.00,0.00,0.00,0.00,0.00,56.08,68.13,0.00,0.00,0.00,0.00,0.00,0.00,0.00,0.00,0.00,53.31,0.00,0.00,0.00,55.97,225
66.76,0.00,0.00,0.00,66.44,83.87,0.00,95.80,69.02,57.68,0.00,0.00,0.00,0.00,0.00,55.32,58.02,56.16,0.00,0.00,0.00,0.00,0.00,0.00,59.24,0.00,0.00,52.75,0.00,0.00,0.00,64.04,225
59.71,0.00,0.00,0.00,59.37,58.22,0.00,73.36,65.91,69.63,0.00,0.00,0.00,0.00,0.00,0.00,0.00,55.42,0.00,0.00,0.00,0.00,0.00,0.00,0.00,0.00,0.00,0.00,0.00,0.00,0.00,58.39,225
54.52,0.00,0.00,0.00,78.34,70.70,0.00,73.68,52.49,67.65,0.00,0.00,0.00,0.00,0.00,58.97,0.00,57.04,0.00,0.00,0.00,0.00,0.00,0.00,0.00,0.00,0.00,0.00,0.00,0.00,0.00,0.00,135
60.02,0.00,0.00,0.00,56.66,58.68,0.00,79.56,61.94,65.48,0.00,0.00,0.00,0.00,62.44,53.35,54.61,60.79,0.00,0.00,0.00,0.00,0.00,0.00,0.00,0.00,0.00,0.00,0.00,0.00,0.00,57.58,90
61.77,0.00,0.00,0.00,77.40,63.77,0.00,58.10,66.78,82.59,0.00,0.00,0.00,0.00,0.00,0.00,0.00,60.91,0.00,0.00,0.00,0.00,0.00,0.00,0.00,0.00,0.00,57.54,0.00,0.00,0.00,55.54,315
0.00,0.00,0.00,0.00,105.07,0.00,0.00,82.76,0.00,60.07,0.00,0.00,0.00,0.00,0.00,0.00,0.00,0.00,0.00,0.00,0.00,0.00,0.00,0.00,0.00,0.00,0.00,0.00,0.00,0.00,0.00,0.00,180
61.86,0.00,0.00,0.00,62.94,84.11,0.00,69.28,57.30,64.57,0.00,0.00,0.00,50.91,140.82,80.96,59.19,58.95,0.00,0.00,0.00,69.21,0.00,0.00,56.08,0.00,0.00,59.29,0.00,0.00,0.00,70.22,270
78.32,0.00,0.00,0.00,65.73,80.02,0.00,100.99,55.55,0.00,0.00,0.00,0.00,0.00,0.00,0.00,0.00,0.00,0.00,0.00,0.00,0.00,0.00,0.00,0.00,0.00,0.00,0.00,0.00,0.00,0.00,0.00,45
60.99,0.00,0.00,0.00,57.80,0.00,0.00,106.03,0.00,60.66,0.00,0.00,0.00,0.00,0.00,0.00,0.00,0.00,0.00,0.00,0.00,0.00,0.00,0.00,0.00,0.00,0.00,0.00,0.00,0.00,0.00,0.00,45
68.78,0.00,0.00,0.00,58.76,88.37,0.00,84.42,57.60,63.06,0.00,0.00,0.00,0.00,0.00,0.00,0.00,54.24,0.00,0.00,0.00,0.00,0.00,0.00,0.00,0.00,0.00,0.00,0.00,0.00,0.00,0.00,45
64.69,0.00,0.00,0.00,62.22,76.24,0.00,68.72,61.61,77.08,0.00,0.00,0.00,0.00,0.00,0.00,53.10,58.65,0.00,0.00,0.00,0.00,0.00,0.00,0.00,0.00,0.00,51.78,0.00,0.00,0.00,57.78,45
76.20,0.00,0.00,0.00,55.66,87.76,0.00,83.92,51.90,60.10,0.00,0.00,0.00,0.00,0.00,0.00,0.00,0.00,0.00,0.00,0.00,0.00,0.00,0.00,0.00,0.00,0.00,0.00,0.00,0.00,0.00,55.70,45
0.00,0.00,0.00,0.00,56.86,0.00,0.00,109.83,55.49,69.35,0.00,0.00,0.00,0.00,0.00,78.62,0.00,0.00,0.00,0.00,0.00,0.00,0.00,0.00,0.00,0.00,0.00,0.00,0.00,0.00,0.00,53.31,225
0.00,0.00,0.00,0.00,59.57,50.09,0.00,0.00,73.45,63.27,0.00,0.00,0.00,0.00,0.00,0.00,0.00,0.00,0.00,0.00,0.00,0.00,0.00,0.00,0.00,0.00,0.00,0.00,0.00,0.00,0.00,53.90,225
56.59,0.00,0.00,0.00,75.59,70.58,0.00,68.10,71.58,69.06,0.00,0.00,0.00,0.00,0.00,0.00,51.70,65.48,0.00,0.00,0.00,0.00,0.00,0.00,0.00,0.00,0.00,55.04,0.00,0.00,0.00,52.53,315
58.93,0.00,0.00,0.00,73.63,63.40,0.00,62.07,60.31,60.59,0.00,0.00,0.00,0.00,0.00,61.01,60.53,68.41,0.00,0.00,0.00,0.00,0.00,0.00,0.00,0.00,0.00,59.01,0.00,0.00,0.00,59.79,180
0.00,0.00,0.00,0.00,0.00,0.00,0.00,64.50,0.00,55.09,0.00,0.00,0.00,0.00,71.75,53.98,0.00,0.00,0.00,0.00,0.00,0.00,0.00,0.00,0.00,0.00,0.00,0.00,0.00,0.00,0.00,0.00,180
59.85,0.00,0.00,0.00,61.74,89.49,0.00,0.00,0.00,60.79,0.00,0.00,0.00,0.00,0.00,0.00,55.52,67.12,0.00,0.00,0.00,0.00,0.00,0.00,0.00,0.00,0.00,55.78,0.00,0.00,0.00,56.70,315
61.16,62.02,0.00,0.00,60.88,79.92,0.00,82.06,57.10,62.53,0.00,0.00,0.00,0.00,0.00,0.00,56.31,58.91,0.00,0.00,0.00,0.00,0.00,0.00,0.00,0.00,0.00,61.84,0.00,0.00,0.00,58.21,45
0.00,0.00,0.00,0.00,84.61,0.00,0.00,0.00,0.00,64.45,0.00,0.00,0.00,0.00,0.00,65.49,74.68,62.49,0.00,0.00,0.00,0.00,0.00,0.00,0.00,0.00,0.00,62.71,0.00,0.00,0.00,73.80,315
62.90,0.00,0.00,0.00,57.86,0.00,0.00,76.36,73.77,67.14,0.00,0.00,0.00,0.00,0.00,56.47,0.00,52.14,0.00,0.00,0.00,0.00,0.00,0.00,0.00,0.00,0.00,0.00,0.00,0.00,0.00,59.91,90
53.91,0.00,0.00,0.00,61.53,0.00,0.00,77.18,62.13,68.97,0.00,0.00,0.00,0.00,0.00,0.00,54.87,63.83,0.00,0.00,0.00,0.00,0.00,0.00,0.00,0.00,0.00,58.74,0.00,0.00,0.00,63.13,270
62.99,0.00,0.00,0.00,66.37,66.85,0.00,61.92,70.86,67.37,0.00,0.00,0.00,0.00,0.00,52.65,0.00,60.03,0.00,0.00,0.00,0.00,0.00,0.00,0.00,0.00,0.00,0.00,0.00,0.00,0.00,0.00,45
70.98,0.00,0.00,0.00,60.56,58.61,0.00,0.00,0.00,68.57,0.00,0.00,0.00,0.00,0.00,52.79,0.00,58.16,0.00,0.00,0.00,0.00,0.00,0.00,0.00,0.00,0.00,0.00,0.00,0.00,0.00,0.00,270
70.24,52.26,0.00,0.00,73.44,76.73,0.00,67.38,63.91,70.43,0.00,0.00,0.00,0.00,55.55,0.00,0.00,51.41,0.00,0.00,0.00,0.00,0.00,0.00,0.00,0.00,0.00,53.07,0.00,0.00,0.00,0.00,45
0.00,0.00,0.00,0.00,133.01,0.00,0.00,80.69,0.00,62.54,0.00,0.00,0.00,0.00,0.00,61.35,0.00,0.00,0.00,0.00,0.00,0.00,0.00,0.00,0.00,0.00,0.00,0.00,0.00,0.00,0.00,0.00,180
0.00,0.00,0.00,0.00,0.00,0.00,0.00,0.00,66.09,52.51,0.00,0.00,0.00,0.00,0.00,0.00,0.00,55.66,0.00,0.00,0.00,0.00,0.00,0.00,0.00,0.00,0.00,0.00,0.00,0.00,0.00,0.00,315
57.79,0.00,0.00,0.00,54.07,0.00,0.00,99.44,61.45,0.00,0.00,0.00,0.00,0.00,0.00,0.00,0.00,0.00,0.00,0.00,0.00,0.00,0.00,0.00,0.00,0.00,0.00,0.00,0.00,0.00,0.00,68.65,270
57.40,0.00,0.00,0.00,57.86,58.84,0.00,77.26,61.54,66.41,0.00,58.24,0.00,0.00,0.00,65.57,66.40,62.06,0.00,0.00,0.00,0.00,0.00,0.00,0.00,0.00,0.00,59.90,0.00,0.00,0.00,66.33,270
0.00,0.00,0.00,0.00,76.99,0.00,0.00,0.00,63.42,68.56,0.00,0.00,0.00,0.00,0.00,0.00,0.00,0.00,0.00,0.00,0.00,0.00,0.00,0.00,0.00,0.00,0.00,0.00,0.00,0.00,0.00,0.00,315
0.00,0.00,0.00,0.00,72.79,0.00,0.00,78.86,0.00,68.29,0.00,0.00,0.00,0.00,0.00,0.00,0.00,0.00,0.00,0.00,0.00,0.00,0.00,0.00,0.00,0.00,0.00,0.00,0.00,0.00,0.00,0.00,180
51.33,0.00,0.00,0.00,73.57,68.67,0.00,78.91,61.39,67.24,0.00,0.00,0.00,0.00,0.00,55.92,0.00,57.72,0.00,0.00,0.00,0.00,0.00,0.00,0.00,0.00,0.00,62.04,0.00,0.00,0.00,52.74,135
59.20,0.00,0.00,0.00,70.84,0.00,0.00,78.80,67.57,81.79,0.00,0.00,0.00,0.00,0.00,61.96,0.00,54.47,0.00,0.00,0.00,0.00,0.00,0.00,0.00,0.00,0.00,0.00,0.00,0.00,0.00,0.00,270
61.46,0.00,0.00,0.00,54.95,59.86,0.00,70.51,65.77,67.38,0.00,0.00,0.00,0.00,59.93,64.19,52.33,54.13,0.00,0.00,0.00,0.00,0.00,0.00,0.00,0.00,0.00,0.00,0.00,0.00,0.00,55.28,45
63.34,0.00,0.00,0.00,63.26,0.00,0.00,0.00,64.25,72.24,0.00,0.00,0.00,0.00,0.00,54.01,60.25,60.10,0.00,0.00,0.00,0.00,0.00,0.00,0.00,0.00,0.00,0.00,0.00,0.00,0.00,64.79,0
57.34,0.00,0.00,0.00,78.80,72.32,0.00,85.73,60.81,68.44,0.00,0.00,0.00,0.00,0.00,71.22,50.17,54.32,0.00,0.00,0.00,0.00,0.00,0.00,0.00,0.00,0.00,55.65,0.00,0.00,0.00,52.14,180
60.92,58.34,0.00,56.65,68.37,64.35,0.00,68.57,75.32,68.86,53.50,56.15,58.98,56.58,84.50,85.65,59.75,60.80,0.00,0.00,0.00,67.14,0.00,0.00,57.37,62.00,58.40,61.33,0.00,73.62,0.00,66.90,225
61.45,0.00,0.00,0.00,50.49,59.92,0.00,103.78,0.00,59.10,0.00,0.00,0.00,0.00,0.00,0.00,0.00,57.02,0.00,0.00,0.00,0.00,0.00,0.00,0.00,0.00,0.00,0.00,0.00,0.00,0.00,0.00,90
57.97,0.00,0.00,0.00,60.07,75.47,0.00,75.53,66.30,66.45,0.00,52.68,0.00,0.00,0.00,58.84,63.63,64.03,0.00,0.00,0.00,0.00,0.00,0.00,0.00,0.00,0.00,0.00,0.00,0.00,0.00,53.47,135
56.66,0.00,0.00,0.00,81.56,75.60,0.00,65.44,0.00,71.81,0.00,0.00,0.00,0.00,0.00,58.79,0.00,54.61,0.00,0.00,0.00,0.00,0.00,0.00,0.00,0.00,0.00,0.00,0.00,0.00,0.00,0.00,315
55.15,0.00,0.00,0.00,62.56,65.01,0.00,83.41,65.84,70.09,0.00,0.00,0.00,0.00,55.24,62.83,0.00,58.38,0.00,0.00,0.00,0.00,0.00,0.00,0.00,0.00,0.00,0.00,0.00,0.00,0.00,60.23,135
0.00,0.00,0.00,0.00,84.50,91.50,0.00,93.19,55.24,81.48,0.00,0.00,0.00,0.00,0.00,69.35,60.95,67.30,0.00,0.00,0.00,0.00,0.00,0.00,0.00,0.00,0.00,59.74,0.00,0.00,0.00,61.21,315
0.00,0.00,0.00,0.00,60.23,0.00,0.00,92.56,61.23,59.34,0.00,0.00,0.00,0.00,0.00,0.00,0.00,0.00,0.00,0.00,0.00,0.00,0.00,0.00,0.00,0.00,0.00,0.00,0.00,0.00,0.00,0.00,180
52.71,0.00,0.00,0.00,56.99,71.91,0.00,55.02,57.56,75.13,0.00,0.00,0.00,0.00,0.00,0.00,0.00,51.71,0.00,0.00,0.00,0.00,0.00,0.00,0.00,0.00,0.00,0.00,0.00,0.00,0.00,0.00,0
65.01,0.00,0.00,0.00,80.12,68.59,0.00,89.99,69.25,73.67,0.00,58.70,0.00,0.00,0.00,0.00,57.75,57.18,0.00,0.00,0.00,0.00,0.00,0.00,0.00,0.00,0.00,52.23,0.00,0.00,0.00,58.42,225
0.00,0.00,0.00,0.00,0.00,0.00,0.00,0.00,55.26,68.12,0.00,0.00,0.00,0.00,0.00,0.00,56.69,79.78,0.00,0.00,0.00,0.00,0.00,0.00,0.00,0.00,0.00,61.52,0.00,0.00,0.00,61.69,315
58.42,0.00,0.00,0.00,62.50,71.67,0.00,69.32,64.70,72.13,0.00,0.00,0.00,0.00,0.00,0.00,54.05,54.47,0.00,0.00,0.00,0.00,0.00,0.00,0.00,0.00,0.00,0.00,0.00,0.00,0.00,66.81,315
55.41,51.20,0.00,0.00,61.19,90.06,0.00,74.70,61.75,63.40,0.00,0.00,0.00,0.00,92.92,88.74,0.00,53.43,0.00,0.00,0.00,0.00,0.00,0.00,64.58,0.00,61.12,54.72,0.00,0.00,0.00,60.75,90
0.00,0.00,0.00,0.00,57.13,0.00,0.00,60.31,0.00,64.58,0.00,0.00,0.00,0.00,0.00,0.00,0.00,0.00,0.00,0.00,0.00,0.00,0.00,0.00,0.00,0.00,0.00,0.00,0.00,0.00,0.00,0.00,90
57.99,0.00,0.00,0.00,68.66,73.56,0.00,77.37,64.20,63.98,0.00,0.00,0.00,0.00,0.00,53.06,55.14,58.31,0.00,0.00,0.00,0.00,0.00,0.00,0.00,0.00,0.00,0.00,0.00,0.00,0.00,57.98,180
63.57,0.00,0.00,0.00,0.00,0.00,0.00,0.00,0.00,64.79,0.00,0.00,0.00,0.00,0.00,0.00,0.00,0.00,0.00,0.00,0.00,0.00,0.00,0.00,0.00,0.00,0.00,0.00,0.00,0.00,0.00,0.00,225
55.79,0.00,0.00,0.00,60.31,0.00,0.00,0.00,0.00,60.24,0.00,0.00,0.00,0.00,0.00,0.00,0.00,0.00,0.00,0.00,0.00,0.00,0.00,0.00,0.00,0.00,0.00,0.00,0.00,0.00,0.00,0.00,225
62.62,0.00,0.00,0.00,56.49,73.14,0.00,78.68,56.18,66.21,0.00,0.00,0.00,0.00,98.35,81.01,0.00,62.43,0.00,0.00,0.00,0.00,0.00,0.00,56.75,66.23,60.75,71.88,60.08,55.22,55.46,64.05,270
