70.98,66.22,50.94,95.27,72.09,64.28,55.37,61.35,60.55,66.48,61.76,60.84,0.00,0.00,59.50,59.69,57.96,60.99,0.00,0.00,50.62,0.00,0.00,0.00,0.00,0.00,0.00,59.09,0.00,0.00,0.00,59.88,0
62.12,61.03,64.26,67.20,76.14,59.80,0.00,67.49,58.95,65.89,0.00,0.00,0.00,0.00,56.32,58.64,55.71,60.09,0.00,0.00,0.00,0.00,0.00,0.00,57.11,61.72,59.03,57.80,53.82,55.75,0.00,58.85,90
57.45,56.20,55.12,0.00,73.06,59.21,0.00,58.99,60.16,64.50,0.00,0.00,0.00,0.00,78.74,58.27,57.23,58.14,0.00,0.00,0.00,59.14,0.00,0.00,54.86,0.00,52.45,59.06,58.61,0.00,0.00,61.02,0
59.58,55.21,0.00,66.71,68.40,60.26,0.00,55.46,63.78,64.50,0.00,0.00,0.00,0.00,56.32,57.83,57.23,59.71,0.00,0.00,0.00,50.81,0.00,0.00,54.74,0.00,54.34,56.78,0.00,0.00,0.00,57.31,225
58.14,0.00,0.00,0.00,85.64,63.95,0.00,59.22,58.86,64.91,0.00,0.00,0.00,0.00,54.40,60.16,54.33,59.89,0.00,0.00,0.00,0.00,0.00,0.00,56.28,0.00,0.00,58.20,0.00,0.00,0.00,57.35,0
72.03,82.61,64.17,74.44,68.98,63.04,53.49,61.35,63.45,65.08,0.00,0.00,0.00,0.00,55.65,62.28,56.07,59.87,0.00,0.00,71.26,0.00,0.00,0.00,56.68,0.00,62.84,60.06,0.00,0.00,0.00,60.72,45
70.02,55.04,58.08,51.20,75.56,62.68,0.00,62.36,60.90,63.49,0.00,56.21,0.00,64.72,83.02,69.38,59.83,60.78,0.00,0.00,61.77,63.09,0.00,0.00,58.33,65.06,55.60,59.44,59.95,55.41,56.79,61.95,90
73.38,59.18,54.69,52.64,65.63,63.40,0.00,72.93,62.82,69.11,60.74,53.77,0.00,0.00,61.55,63.64,56.97,60.32,0.00,0.00,58.77,61.36,0.00,0.00,64.21,62.25,60.68,58.70,56.50,58.61,0.00,61.40,45
56.72,54.47,0.00,0.00,67.99,58.41,0.00,57.20,61.19,67.44,0.00,0.00,0.00,0.00,60.03,57.03,56.81,58.03,0.00,0.00,0.00,51.95,0.00,0.00,62.90,61.82,59.41,56.84,0.00,61.19,0.00,60.30,90
72.60,61.89,60.20,71.85,66.35,61.64,60.34,65.00,58.96,65.60,0.00,55.68,0.00,0.00,63.85,63.59,59.58,59.15,0.00,0.00,60.50,0.00,0.00,0.00,58.67,63.00,59.95,57.89,53.63,0.00,56.25,58.45,315
65.88,0.00,0.00,0.00,85.40,60.79,0.00,57.09,59.26,64.04,0.00,0.00,0.00,0.00,73.27,62.77,59.33,58.45,0.00,0.00,0.00,55.18,0.00,0.00,56.48,72.17,59.07,53.50,0.00,63.76,0.00,57.11,0
61.27,0.00,0.00,0.00,105.15,60.05,0.00,58.40,56.41,64.26,0.00,0.00,0.00,0.00,55.33,53.86,53.09,58.91,0.00,0.00,0.00,0.00,0.00,0.00,54.13,0.00,0.00,55.78,0.00,0.00,0.00,55.48,135
56.70,0.00,0.00,60.87,83.46,60.67,0.00,61.09,61.16,66.02,0.00,0.00,0.00,0.00,77.00,71.15,57.04,60.45,0.00,0.00,0.00,90.76,0.00,0.00,0.00,64.14,55.89,56.34,0.00,70.20,0.00,60.53,180
72.29,0.00,0.00,0.00,86.52,61.94,0.00,58.82,58.37,63.63,0.00,0.00,0.00,0.00,68.11,62.17,52.43,61.18,0.00,0.00,0.00,51.30,0.00,0.00,52.88,0.00,0.00,55.49,0.00,0.00,0.00,58.47,0
73.52,0.00,0.00,0.00,88.05,58.76,0.00,56.65,55.98,64.25,0.00,0.00,0.00,0.00,77.45,62.79,57.69,57.97,0.00,0.00,56.73,0.00,0.00,0.00,54.69,0.00,0.00,54.88,0.00,0.00,0.00,59.65,0
58.69,57.28,0.00,0.00,63.23,65.59,0.00,60.66,59.14,64.54,0.00,0.00,0.00,0.00,59.32,59.20,57.45,60.82,0.00,0.00,0.00,57.11,0.00,0.00,52.35,75.04,54.57,56.03,52.50,0.00,0.00,60.11,90
59.43,0.00,0.00,0.00,98.45,63.27,0.00,56.63,57.51,65.95,0.00,0.00,0.00,0.00,59.31,63.88,57.30,58.76,0.00,0.00,0.00,0.00,0.00,0.00,0.00,0.00,0.00,58.49,0.00,0.00,0.00,57.33,135
64.84,0.00,0.00,0.00,79.07,61.22,0.00,60.66,59.22,65.63,0.00,50.31,0.00,0.00,55.81,57.20,54.90,61.27,0.00,0.00,0.00,56.54,0.00,0.00,0.00,0.00,0.00,58.92,0.00,0.00,0.00,59.99,180
72.94,56.86,57.35,56.95,68.83,65.43,0.00,64.27,65.43,63.71,55.84,0.00,0.00,0.00,57.03,59.12,56.45,57.90,0.00,0.00,0.00,0.00,0.00,0.00,57.51,0.00,0.00,55.89,0.00,0.00,0.00,57.38,0
68.53,0.00,0.00,0.00,80.27,61.44,0.00,58.04,54.49,65.45,0.00,0.00,0.00,0.00,52.90,59.10,58.03,59.05,0.00,0.00,0.00,53.52,0.00,0.00,56.91,0.00,0.00,55.93,0.00,0.00,0.00,59.62,315
73.82,52.41,55.70,58.65,63.39,63.41,0.00,72.08,59.16,64.73,61.54,60.99,60.39,64.06,72.47,69.12,58.23,60.16,0.00,58.52,57.84,60.42,0.00,0.00,59.95,61.10,55.64,58.54,62.35,68.92,0.00,60.61,90
66.46,0.00,0.00,0.00,70.95,58.65,0.00,59.97,60.44,60.50,0.00,0.00,0.00,0.00,82.53,71.66,56.35,57.06,0.00,0.00,55.50,55.73,0.00,0.00,56.59,54.98,52.03,61.03,0.00,54.85,0.00,55.91,270
73.66,0.00,0.00,0.00,76.36,60.83,0.00,59.25,55.24,62.28,0.00,0.00,0.00,71.68,89.29,61.27,56.40,57.67,0.00,56.07,53.49,52.69,0.00,0.00,59.30,0.00,0.00,58.33,0.00,0.00,0.00,57.39,135
66.76,56.59,54.10,64.12,69.32,62.66,65.50,69.68,61.67,64.25,0.00,55.21,0.00,0.00,66.17,65.66,58.44,61.66,0.00,0.00,54.86,53.30,0.00,0.00,67.45,0.00,56.31,62.38,0.00,66.41,0.00,60.95,45
57.50,0.00,0.00,0.00,96.54,63.60,0.00,57.99,54.21,64.18,0.00,0.00,0.00,0.00,56.75,0.00,55.66,59.48,0.00,0.00,0.00,0.00,0.00,0.00,0.00,0.00,0.00,57.25,0.00,0.00,0.00,57.92,0
57.59,52.64,0.00,0.00,79.98,62.31,0.00,57.73,56.86,66.32,0.00,0.00,0.00,0.00,59.98,56.55,56.23,56.00,0.00,0.00,0.00,0.00,0.00,0.00,0.00,0.00,0.00,54.21,0.00,0.00,0.00,57.44,135
58.08,0.00,0.00,0.00,72.78,61.51,0.00,60.47,55.99,62.47,0.00,0.00,0.00,0.00,76.19,63.36,57.23,58.82,0.00,0.00,0.00,80.32,0.00,0.00,0.00,0.00,55.53,53.03,0.00,0.00,0.00,59.92,135
60.31,59.93,0.00,0.00,80.64,61.46,0.00,57.70,60.92,62.50,0.00,0.00,0.00,0.00,54.04,57.55,55.66,59.45,0.00,0.00,0.00,0.00,0.00,0.00,53.11,0.00,0.00,55.48,0.00,0.00,0.00,58.05,135
69.53,50.82,60.78,0.00,70.70,57.95,0.00,63.65,59.25,64.35,0.00,0.00,0.00,0.00,55.07,57.86,58.02,59.67,0.00,0.00,0.00,73.18,0.00,0.00,58.08,69.98,0.00,58.37,58.93,0.00,55.01,59.91,270
62.36,70.84,65.30,66.18,69.45,68.29,0.00,69.07,60.04,61.54,71.49,0.00,0.00,0.00,67.09,74.56,56.84,58.35,0.00,0.00,0.00,0.00,0.00,0.00,59.24,59.16,55.24,53.82,0.00,0.00,0.00,58.47,90
71.97,0.00,0.00,0.00,82.87,64.10,0.00,56.16,59.77,64.08,0.00,0.00,0.00,0.00,0.00,55.60,55.67,59.41,0.00,0.00,0.00,0.00,0.00,0.00,0.00,0.00,0.00,58.36,0.00,0.00,0.00,58.51,135
67.02,57.02,64.67,55.80,67.10,68.01,0.00,70.32,60.07,66.97,60.52,61.60,0.00,0.00,56.15,55.62,56.07,62.04,0.00,0.00,68.30,55.16,0.00,0.00,55.65,63.70,65.98,64.04,0.00,0.00,0.00,60.62,45
67.08,52.00,0.00,74.92,67.29,58.75,0.00,58.17,61.74,61.34,0.00,51.67,0.00,0.00,73.82,62.50,60.67,58.15,0.00,0.00,0.00,64.33,0.00,0.00,56.94,65.65,0.00,55.92,59.93,66.82,57.27,61.94,270
60.56,60.93,57.92,58.05,65.39,64.01,0.00,70.89,60.43,66.63,72.90,0.00,0.00,0.00,70.27,58.98,53.18,62.22,0.00,0.00,0.00,58.76,0.00,0.00,57.90,0.00,66.45,57.72,0.00,0.00,0.00,59.49,45
59.69,0.00,0.00,0.00,71.69,61.34,0.00,55.43,58.26,64.87,0.00,0.00,0.00,0.00,54.55,54.88,59.04,62.61,0.00,0.00,0.00,0.00,0.00,0.00,0.00,58.30,54.40,57.02,0.00,0.00,0.00,58.65,90
62.60,0.00,0.00,0.00,82.68,62.88,0.00,57.25,58.93,65.29,0.00,0.00,0.00,0.00,57.92,54.34,52.99,59.82,0.00,0.00,0.00,0.00,0.00,0.00,55.32,0.00,0.00,57.01,0.00,0.00,0.00,57.60,0
58.32,0.00,0.00,0.00,89.17,62.78,0.00,55.07,58.68,64.25,0.00,0.00,0.00,0.00,55.39,51.14,55.41,60.59,0.00,0.00,0.00,0.00,0.00,0.00,0.00,0.00,0.00,56.45,0.00,0.00,0.00,57.84,135
64.56,0.00,61.41,54.09,68.89,64.06,0.00,66.80,58.02,62.59,0.00,59.17,0.00,0.00,58.99,56.52,58.71,60.44,0.00,0.00,0.00,0.00,0.00,0.00,0.00,68.23,53.59,55.77,0.00,54.98,0.00,59.89,180
69.28,0.00,0.00,0.00,60.37,61.89,0.00,57.70,57.54,65.69,0.00,0.00,0.00,0.00,66.79,54.11,56.37,60.27,0.00,0.00,0.00,0.00,0.00,0.00,63.92,0.00,51.54,55.99,0.00,0.00,0.00,58.63,90
67.22,64.94,58.94,70.18,68.25,63.63,55.44,72.12,59.89,63.33,0.00,0.00,64.45,110.92,69.05,76.36,61.04,60.70,0.00,0.00,56.32,67.36,0.00,0.00,55.57,76.04,52.90,56.98,51.94,59.08,0.00,60.71,90
66.90,57.14,60.41,0.00,72.45,63.52,0.00,72.90,59.85,61.29,55.43,53.63,0.00,0.00,60.09,57.95,60.26,62.42,0.00,0.00,0.00,53.79,0.00,0.00,63.67,0.00,58.24,59.99,0.00,0.00,0.00,61.71,90
62.41,56.01,64.65,54.49,81.12,61.70,0.00,71.31,54.92,63.33,0.00,53.38,0.00,0.00,86.83,74.45,57.79,62.45,0.00,0.00,57.46,57.98,0.00,0.00,55.07,0.00,60.44,59.06,0.00,0.00,0.00,62.12,135
66.49,65.70,57.62,61.31,76.06,62.57,0.00,66.12,57.55,66.23,0.00,68.00,58.08,0.00,76.93,56.83,58.84,62.02,0.00,0.00,54.02,72.48,0.00,0.00,64.06,58.41,63.02,56.73,0.00,61.00,0.00,60.30,135
67.12,58.95,65.73,0.00,71.80,62.73,0.00,67.42,59.33,62.96,0.00,0.00,0.00,0.00,80.21,75.69,59.23,61.96,0.00,0.00,56.01,75.51,0.00,0.00,58.14,65.08,59.51,61.69,52.96,0.00,0.00,61.32,270
68.77,0.00,61.97,61.18,72.60,68.86,0.00,67.07,59.02,61.89,0.00,51.22,0.00,0.00,72.90,69.37,57.77,60.97,0.00,0.00,58.49,56.31,0.00,0.00,57.74,59.96,51.80,61.02,55.89,58.65,0.00,60.59,0
67.32,0.00,62.85,0.00,81.60,58.59,0.00,57.93,59.75,63.13,0.00,0.00,0.00,0.00,54.64,54.34,65.15,63.07,0.00,0.00,0.00,53.66,0.00,0.00,57.49,0.00,52.03,63.14,0.00,0.00,0.00,65.25,270
60.09,66.43,65.48,60.56,83.30,70.10,0.00,68.46,56.76,63.81,0.00,69.72,0.00,0.00,56.61,67.71,59.69,61.67,0.00,0.00,0.00,52.20,0.00,0.00,55.57,0.00,0.00,58.03,0.00,0.00,0.00,61.73,135
62.36,51.03,63.10,70.36,68.49,60.21,0.00,59.63,58.62,62.98,0.00,0.00,0.00,0.00,81.57,61.13,58.84,62.55,0.00,0.00,0.00,67.62,0.00,0.00,55.48,73.69,54.95,58.56,59.13,0.00,0.00,59.08,90
67.47,50.99,60.37,55.15,76.74,61.24,0.00,81.58,60.42,67.92,61.25,54.70,0.00,0.00,72.61,67.25,57.51,61.98,0.00,0.00,56.72,80.74,0.00,0.00,53.69,66.85,55.13,60.37,0.00,65.04,56.84,61.07,270
61.54,0.00,57.29,0.00,77.85,62.35,0.00,59.62,57.75,64.55,0.00,0.00,0.00,0.00,87.67,86.36,55.83,60.35,0.00,0.00,0.00,52.37,54.33,0.00,51.44,0.00,56.96,59.93,0.00,0.00,0.00,60.00,135
64.60,56.50,55.75,66.90,70.00,63.15,0.00,59.86,58.30,62.94,53.34,0.00,0.00,0.00,68.19,68.34,55.80,61.21,0.00,0.00,0.00,55.45,0.00,0.00,55.04,0.00,0.00,61.23,0.00,0.00,0.00,54.58,180
68.09,57.20,58.51,71.08,63.81,67.78,0.00,66.01,61.26,63.14,0.00,0.00,0.00,0.00,78.35,73.56,57.84,61.02,0.00,0.00,53.19,69.49,0.00,0.00,58.87,0.00,62.62,61.93,0.00,0.00,0.00,60.55,225
65.50,59.12,61.97,0.00,63.40,62.94,0.00,60.07,61.23,62.21,0.00,55.76,0.00,0.00,71.73,69.16,58.24,58.50,0.00,0.00,60.34,63.18,0.00,0.00,53.79,0.00,57.97,57.05,0.00,0.00,0.00,61.71,225
65.00,0.00,56.85,0.00,70.28,62.13,0.00,60.27,59.19,61.72,0.00,0.00,0.00,0.00,53.76,57.06,54.27,63.37,0.00,0.00,62.87,0.00,0.00,0.00,0.00,0.00,0.00,55.50,0.00,0.00,0.00,59.08,45
72.59,0.00,68.28,0.00,83.56,63.21,0.00,62.09,58.89,63.28,0.00,0.00,0.00,0.00,54.41,0.00,53.90,59.45,0.00,0.00,0.00,0.00,0.00,0.00,0.00,0.00,0.00,58.45,0.00,0.00,0.00,58.83,0
65.18,0.00,57.37,0.00,68.91,60.02,0.00,68.65,57.22,64.85,0.00,0.00,0.00,0.00,56.13,57.28,58.78,59.10,0.00,0.00,0.00,0.00,0.00,0.00,55.51,68.59,0.00,56.92,54.69,65.19,0.00,59.40,315
65.95,0.00,56.27,0.00,77.54,60.52,0.00,58.96,63.04,60.69,0.00,0.00,0.00,0.00,69.19,95.63,56.16,59.85,0.00,0.00,0.00,0.00,0.00,0.00,56.81,0.00,0.00,63.10,0.00,0.00,0.00,57.97,315
62.03,0.00,0.00,0.00,69.29,66.11,0.00,59.39,63.21,61.59,0.00,0.00,0.00,0.00,52.80,54.82,55.10,56.14,0.00,0.00,0.00,58.85,0.00,0.00,57.65,0.00,0.00,0.00,0.00,0.00,0.00,56.93,45
64.55,0.00,61.12,0.00,60.50,71.05,0.00,62.25,61.95,62.16,0.00,0.00,0.00,0.00,73.53,73.97,54.30,57.26,0.00,0.00,0.00,0.00,0.00,0.00,57.34,68.32,0.00,55.75,0.00,53.09,0.00,58.68,225
58.64,0.00,0.00,0.00,77.57,67.44,0.00,57.17,58.51,63.75,0.00,0.00,0.00,0.00,65.05,56.83,54.54,60.53,0.00,0.00,0.00,0.00,0.00,0.00,68.37,0.00,0.00,57.17,0.00,0.00,0.00,58.86,0
57.56,0.00,0.00,0.00,86.68,63.15,0.00,60.06,65.72,63.66,0.00,0.00,0.00,0.00,57.94,0.00,52.09,61.25,0.00,0.00,0.00,0.00,0.00,0.00,0.00,0.00,0.00,54.67,0.00,0.00,0.00,56.69,315
64.48,0.00,64.23,0.00,69.22,58.97,0.00,63.04,55.97,62.42,0.00,0.00,0.00,0.00,55.97,58.55,57.59,58.73,0.00,0.00,0.00,0.00,0.00,0.00,0.00,0.00,52.10,56.42,0.00,0.00,0.00,58.88,90
63.79,59.07,62.12,58.59,65.73,64.16,0.00,77.03,57.33,63.88,0.00,54.06,0.00,0.00,58.88,64.13,53.26,59.59,0.00,0.00,0.00,0.00,0.00,0.00,0.00,0.00,60.01,55.52,0.00,0.00,0.00,56.44,45
61.60,0.00,64.00,52.96,65.82,60.73,0.00,73.79,57.30,64.77,0.00,0.00,0.00,0.00,59.99,53.15,58.30,61.84,0.00,0.00,0.00,0.00,0.00,0.00,0.00,68.50,53.03,58.09,52.57,0.00,0.00,57.14,315
69.19,71.67,63.89,0.00,64.82,63.27,0.00,65.85,57.59,64.65,71.27,56.41,0.00,0.00,77.11,72.56,58.63,59.95,0.00,0.00,56.56,56.49,0.00,0.00,56.42,66.65,53.07,57.73,0.00,53.02,0.00,60.40,135
67.61,0.00,57.62,58.29,64.79,61.33,0.00,63.89,60.15,62.75,0.00,0.00,0.00,0.00,83.33,84.43,55.36,59.69,0.00,0.00,60.04,73.58,73.96,0.00,53.01,0.00,0.00,55.34,0.00,0.00,0.00,59.64,90
63.26,0.00,0.00,57.39,62.80,69.53,51.63,75.91,61.47,64.01,0.00,62.60,0.00,0.00,71.13,56.26,56.31,59.60,0.00,0.00,0.00,0.00,0.00,0.00,56.82,0.00,53.86,54.77,0.00,0.00,0.00,57.17,225
66.89,0.00,0.00,0.00,71.36,59.12,0.00,60.80,57.43,62.32,0.00,0.00,0.00,0.00,86.21,67.16,54.67,58.85,0.00,0.00,0.00,0.00,0.00,0.00,0.00,0.00,0.00,54.61,0.00,0.00,0.00,58.43,90
61.02,73.26,0.00,0.00,76.47,62.33,53.64,70.59,56.43,64.41,0.00,0.00,0.00,0.00,54.08,59.10,59.29,61.72,0.00,0.00,0.00,0.00,0.00,0.00,53.61,0.00,57.30,55.94,0.00,0.00,0.00,59.50,135
67.42,79.79,65.01,57.60,68.15,66.76,0.00,78.31,59.92,64.78,59.37,0.00,0.00,0.00,60.89,64.66,57.54,61.91,0.00,0.00,64.17,54.04,0.00,0.00,53.23,58.56,55.31,61.85,55.24,57.76,0.00,64.50,45
61.55,0.00,0.00,0.00,62.92,67.21,0.00,62.03,62.83,63.76,0.00,0.00,0.00,0.00,57.67,58.10,56.41,61.89,0.00,0.00,0.00,62.88,0.00,0.00,61.65,0.00,59.86,58.42,0.00,0.00,0.00,58.61,45
62.43,0.00,0.00,0.00,66.77,67.28,0.00,59.72,60.96,60.34,0.00,0.00,0.00,0.00,65.35,70.17,56.64,55.62,0.00,0.00,0.00,56.15,0.00,0.00,57.46,0.00,53.57,54.46,0.00,0.00,0.00,59.98,45
59.86,51.63,0.00,0.00,64.55,63.62,0.00,74.09,57.61,65.11,0.00,61.67,0.00,0.00,53.61,57.35,58.63,62.06,0.00,0.00,0.00,0.00,0.00,0.00,53.55,61.47,0.00,57.93,53.55,67.84,0.00,62.77,90
60.27,53.58,0.00,57.38,75.71,67.84,0.00,65.67,60.25,62.54,0.00,51.74,0.00,0.00,52.85,56.84,54.08,60.08,0.00,0.00,0.00,0.00,0.00,0.00,52.96,0.00,0.00,56.30,0.00,0.00,0.00,58.14,180
69.51,0.00,0.00,0.00,59.96,63.34,0.00,59.49,60.67,62.33,0.00,0.00,0.00,0.00,71.57,67.74,52.48,58.00,0.00,0.00,0.00,0.00,0.00,0.00,57.52,0.00,54.47,53.81,0.00,0.00,0.00,59.20,225
61.71,53.28,0.00,69.16,69.06,68.38,0.00,71.44,60.45,61.09,0.00,0.00,0.00,53.73,67.15,63.45,56.91,58.49,0.00,0.00,0.00,0.00,0.00,0.00,0.00,0.00,0.00,56.43,0.00,0.00,0.00,59.54,180
59.81,0.00,0.00,0.00,80.06,65.52,0.00,63.68,57.71,65.39,0.00,0.00,0.00,0.00,60.94,64.38,57.25,59.10,0.00,0.00,0.00,0.00,0.00,0.00,0.00,0.00,0.00,55.64,0.00,0.00,0.00,55.42,180
69.23,57.24,0.00,53.77,69.08,61.37,0.00,73.44,60.03,64.78,55.14,0.00,0.00,0.00,57.79,59.20,58.80,60.61,0.00,0.00,0.00,0.00,0.00,0.00,65.22,59.77,56.70,58.01,52.04,0.00,0.00,62.02,270
62.50,65.60,0.00,85.53,73.15,70.63,0.00,72.75,59.64,60.20,58.60,0.00,0.00,0.00,56.44,55.12,54.65,56.70,0.00,0.00,0.00,0.00,0.00,0.00,51.60,0.00,0.00,55.38,0.00,0.00,0.00,58.77,180
60.44,0.00,0.00,0.00,74.80,61.64,0.00,68.41,64.80,62.86,0.00,0.00,0.00,0.00,54.90,56.87,57.95,60.30,0.00,0.00,0.00,0.00,0.00,0.00,56.40,58.48,55.97,57.30,0.00,0.00,0.00,61.56,270
64.45,68.34,0.00,0.00,66.63,68.77,0.00,64.63,60.15,64.76,0.00,0.00,0.00,0.00,59.50,56.52,58.05,60.48,0.00,0.00,0.00,0.00,0.00,0.00,56.19,0.00,60.15,60.35,0.00,0.00,0.00,56.46,225
59.40,0.00,0.00,0.00,74.71,62.45,0.00,60.25,59.72,61.88,0.00,0.00,0.00,0.00,58.02,50.90,54.68,56.84,0.00,0.00,0.00,0.00,0.00,0.00,0.00,0.00,0.00,53.79,0.00,0.00,0.00,56.77,135
59.98,0.00,0.00,0.00,61.83,65.66,0.00,59.76,63.06,62.45,0.00,0.00,0.00,0.00,82.13,70.28,56.69,58.48,0.00,0.00,51.70,57.80,0.00,0.00,57.17,0.00,0.00,54.67,61.18,0.00,0.00,62.33,225
61.21,67.31,59.21,63.86,69.54,64.70,0.00,76.73,60.96,66.22,0.00,52.59,0.00,0.00,58.10,55.92,56.65,62.00,0.00,0.00,0.00,67.72,0.00,0.00,53.85,0.00,56.56,56.45,0.00,0.00,0.00,60.65,270
63.94,59.29,0.00,0.00,71.73,58.06,0.00,83.39,57.58,63.29,0.00,0.00,0.00,0.00,54.87,54.47,62.56,62.80,0.00,0.00,0.00,0.00,0.00,0.00,54.72,0.00,52.24,61.72,0.00,0.00,0.00,60.56,270
68.64,0.00,0.00,0.00,65.58,62.72,0.00,69.10,57.71,62.92,0.00,0.00,0.00,0.00,74.72,82.01,58.05,60.62,0.00,0.00,57.17,0.00,0.00,0.00,52.34,63.65,54.03,57.89,0.00,0.00,0.00,57.65,315
59.65,0.00,0.00,0.00,91.57,61.24,0.00,62.06,62.92,65.75,0.00,0.00,0.00,0.00,53.21,51.06,57.04,57.83,0.00,0.00,0.00,0.00,0.00,0.00,56.80,0.00,0.00,56.53,0.00,0.00,0.00,57.55,0
58.46,0.00,0.00,0.00,76.52,62.16,0.00,60.47,60.22,62.21,0.00,0.00,0.00,0.00,53.16,0.00,52.44,60.08,0.00,0.00,0.00,0.00,0.00,0.00,0.00,0.00,0.00,59.54,0.00,0.00,0.00,58.95,315
59.37,0.00,0.00,0.00,80.06,70.58,0.00,62.32,62.81,64.44,0.00,0.00,0.00,0.00,56.37,53.22,54.22,60.71,0.00,0.00,0.00,0.00,0.00,0.00,51.98,0.00,0.00,57.29,0.00,0.00,0.00,56.74,180
56.24,0.00,0.00,0.00,83.62,63.27,0.00,61.74,60.42,63.13,0.00,0.00,0.00,0.00,58.30,53.04,51.85,56.26,0.00,0.00,0.00,0.00,0.00,0.00,0.00,0.00,56.63,55.55,0.00,0.00,0.00,57.04,315
68.99,70.88,0.00,0.00,71.25,62.63,0.00,66.37,58.56,64.82,52.42,0.00,0.00,0.00,76.71,74.70,58.72,60.69,0.00,0.00,57.59,61.70,0.00,0.00,60.47,65.56,55.56,58.42,57.82,56.61,53.67,64.71,90
57.16,0.00,0.00,0.00,89.74,64.79,0.00,64.13,58.88,62.98,0.00,0.00,0.00,0.00,53.63,51.43,61.11,59.98,0.00,0.00,0.00,0.00,0.00,0.00,0.00,0.00,0.00,53.48,0.00,0.00,0.00,59.67,135
65.67,74.81,61.02,74.40,69.43,71.24,66.06,69.21,64.88,64.36,56.29,59.74,53.50,51.86,80.75,71.55,55.47,62.16,0.00,62.98,54.59,65.69,77.00,0.00,59.76,61.12,61.98,59.87,54.07,56.00,0.00,63.21,180
62.12,61.48,51.24,68.04,74.25,73.66,0.00,73.69,60.71,62.34,0.00,0.00,0.00,0.00,55.38,74.24,59.51,60.07,0.00,0.00,0.00,0.00,0.00,0.00,50.95,0.00,0.00,56.38,0.00,0.00,0.00,60.91,180
63.60,57.41,0.00,0.00,78.40,72.20,0.00,72.86,63.15,62.61,0.00,0.00,0.00,0.00,51.39,0.00,56.98,60.54,0.00,0.00,0.00,0.00,0.00,0.00,0.00,0.00,51.59,58.03,0.00,0.00,0.00,57.63,0
64.35,0.00,0.00,0.00,70.32,61.86,0.00,62.73,63.04,61.94,0.00,0.00,0.00,0.00,0.00,62.00,57.09,60.08,0.00,0.00,0.00,0.00,0.00,0.00,55.80,0.00,0.00,54.10,0.00,0.00,0.00,58.88,135
59.75,0.00,0.00,0.00,69.86,59.06,0.00,62.11,57.59,63.78,0.00,0.00,0.00,0.00,55.83,56.87,58.96,61.56,0.00,0.00,0.00,54.00,0.00,0.00,0.00,0.00,55.76,59.04,0.00,0.00,0.00,59.77,270
64.42,0.00,0.00,56.87,71.07,63.43,0.00,76.31,56.45,65.70,52.01,0.00,0.00,0.00,68.83,73.76,59.13,63.73,0.00,0.00,0.00,55.24,0.00,0.00,53.75,0.00,64.92,59.59,0.00,0.00,0.00,59.10,135
63.30,0.00,0.00,0.00,76.23,67.09,0.00,73.72,59.14,64.25,71.72,72.19,55.41,0.00,58.78,54.57,57.56,60.79,0.00,0.00,0.00,0.00,0.00,0.00,51.73,0.00,57.36,57.36,0.00,0.00,0.00,58.50,135
61.29,0.00,0.00,0.00,62.54,72.12,0.00,60.65,58.60,60.64,0.00,0.00,0.00,0.00,51.67,0.00,54.77,59.81,0.00,0.00,0.00,0.00,0.00,0.00,0.00,0.00,0.00,58.45,0.00,0.00,0.00,57.50,225
60.40,0.00,0.00,0.00,84.48,58.89,0.00,64.58,60.00,64.37,0.00,0.00,0.00,0.00,53.77,52.17,53.35,61.69,0.00,0.00,0.00,0.00,0.00,0.00,0.00,0.00,0.00,55.12,0.00,0.00,0.00,57.56,0
64.40,59.43,58.26,0.00,69.80,67.26,0.00,66.00,58.28,64.27,0.00,51.59,0.00,63.01,87.84,85.73,59.79,61.12,0.00,54.82,56.58,55.45,64.52,0.00,57.82,64.49,56.69,60.56,55.88,56.42,0.00,61.85,90
66.06,0.00,0.00,0.00,67.01,70.33,0.00,79.63,61.10,64.66,60.90,63.81,61.46,63.25,69.31,73.21,69.24,62.01,0.00,0.00,56.51,65.59,0.00,0.00,61.63,0.00,61.00,61.60,0.00,0.00,58.22,61.41,270
57.96,0.00,0.00,0.00,79.53,61.30,0.00,61.65,61.73,62.96,0.00,0.00,0.00,0.00,52.10,52.78,52.07,60.73,0.00,0.00,53.44,0.00,0.00,0.00,0.00,0.00,50.89,53.79,0.00,0.00,0.00,59.34,0
60.77,0.00,0.00,0.00,76.96,60.57,0.00,66.29,62.02,62.76,0.00,0.00,0.00,0.00,55.10,58.61,54.58,58.40,0.00,0.00,0.00,51.63,0.00,0.00,55.84,0.00,0.00,57.93,0.00,0.00,0.00,57.43,135
62.63,58.95,0.00,60.73,68.79,58.83,0.00,77.36,59.04,63.19,0.00,0.00,0.00,0.00,59.06,61.77,57.28,59.82,0.00,0.00,0.00,0.00,0.00,0.00,52.30,0.00,53.40,56.06,0.00,0.00,0.00,59.93,315
65.09,67.90,68.81,103.76,75.58,66.51,64.84,64.69,67.30,63.40,67.04,54.55,60.24,60.02,84.61,80.07,55.92,59.91,0.00,0.00,62.06,64.03,58.73,0.00,57.58,66.32,54.53,62.52,54.77,67.36,53.73,59.94,135
62.36,56.27,62.80,62.26,61.68,74.08,0.00,81.69,60.94,63.93,53.40,53.55,0.00,0.00,0.00,72.45,59.62,60.22,0.00,0.00,0.00,0.00,0.00,0.00,50.71,0.00,54.38,57.05,0.00,0.00,0.00,59.99,225
57.78,0.00,0.00,0.00,71.52,63.51,0.00,68.80,63.92,61.62,69.70,0.00,0.00,0.00,58.30,66.75,55.82,61.47,0.00,0.00,0.00,0.00,0.00,0.00,58.34,0.00,0.00,63.63,0.00,0.00,0.00,60.06,315
65.32,56.67,55.22,0.00,70.02,66.26,0.00,68.63,61.48,66.00,56.33,65.69,0.00,52.63,79.80,86.24,59.23,62.49,0.00,56.05,64.47,60.58,0.00,0.00,59.01,63.04,60.57,58.99,52.49,60.04,0.00,62.14,90
55.69,0.00,0.00,0.00,71.76,65.31,0.00,64.30,64.04,61.85,0.00,0.00,0.00,0.00,0.00,0.00,54.25,57.71,0.00,0.00,0.00,0.00,0.00,0.00,0.00,0.00,0.00,54.06,0.00,0.00,0.00,58.09,45
61.41,53.73,0.00,0.00,66.07,60.03,0.00,83.88,56.00,62.37,0.00,0.00,0.00,0.00,60.77,52.53,60.72,63.80,0.00,0.00,0.00,55.45,0.00,0.00,55.66,71.62,56.06,61.46,70.35,56.72,0.00,60.66,90
64.65,87.86,102.69,108.35,68.37,75.04,88.69,73.24,61.58,63.50,72.14,83.03,69.33,77.10,54.94,73.37,58.15,63.29,77.59,85.59,60.12,80.41,54.91,82.72,59.98,110.58,66.47,69.82,78.32,110.99,65.49,61.21,0
67.46,0.00,0.00,0.00,74.16,73.12,0.00,68.90,63.93,63.14,0.00,0.00,0.00,0.00,74.21,75.80,55.05,60.74,0.00,0.00,0.00,0.00,0.00,0.00,0.00,0.00,0.00,57.45,0.00,0.00,0.00,55.41,180
62.90,56.43,0.00,59.40,76.56,70.88,0.00,65.67,60.46,63.33,60.09,54.77,0.00,0.00,63.31,55.81,55.23,61.12,0.00,0.00,0.00,0.00,0.00,0.00,58.32,0.00,0.00,54.20,0.00,0.00,0.00,56.34,180
61.49,58.01,0.00,0.00,69.99,69.61,0.00,68.34,60.54,63.84,0.00,51.14,0.00,0.00,55.67,57.73,58.79,57.70,0.00,0.00,0.00,0.00,0.00,0.00,51.52,0.00,57.48,57.47,0.00,0.00,0.00,57.82,45
65.22,56.92,70.93,0.00,72.86,67.28,0.00,67.78,67.94,65.74,0.00,0.00,0.00,0.00,92.68,85.28,57.39,60.52,0.00,0.00,59.50,58.56,53.98,50.84,62.95,56.43,55.49,59.16,0.00,0.00,0.00,59.20,90
64.20,53.55,0.00,65.79,64.22,66.96,0.00,79.85,58.90,64.04,0.00,0.00,0.00,0.00,68.93,72.80,61.56,64.09,0.00,0.00,0.00,55.82,0.00,0.00,60.69,62.68,55.72,58.28,57.30,56.76,0.00,65.83,270
67.29,51.32,0.00,59.64,70.21,63.73,0.00,77.20,62.36,62.10,0.00,57.47,0.00,0.00,58.91,55.81,59.23,62.72,0.00,0.00,0.00,0.00,0.00,0.00,59.00,0.00,56.92,59.08,0.00,0.00,0.00,59.76,270
62.74,57.84,0.00,55.72,62.07,72.22,0.00,79.32,61.41,61.48,0.00,56.68,0.00,0.00,54.29,55.48,57.93,61.00,0.00,0.00,0.00,0.00,0.00,0.00,53.79,0.00,52.41,56.15,0.00,0.00,0.00,58.71,225
64.00,63.92,63.66,60.14,69.82,72.80,0.00,76.24,62.32,63.28,0.00,0.00,0.00,0.00,66.09,71.00,54.45,60.82,0.00,0.00,51.02,0.00,0.00,0.00,53.46,0.00,0.00,57.27,0.00,0.00,0.00,57.38,0
58.49,0.00,0.00,0.00,65.94,63.65,0.00,64.17,58.14,62.74,0.00,0.00,0.00,0.00,56.65,0.00,56.81,59.06,0.00,0.00,0.00,0.00,0.00,0.00,52.74,0.00,0.00,57.92,0.00,0.00,0.00,57.14,315
57.35,0.00,0.00,0.00,81.32,64.43,0.00,66.99,64.73,64.67,0.00,0.00,0.00,0.00,54.18,66.15,57.98,56.43,0.00,0.00,0.00,0.00,0.00,0.00,55.22,0.00,51.25,52.22,0.00,0.00,0.00,56.94,180
62.64,60.84,0.00,54.68,68.69,68.74,0.00,69.67,64.53,64.70,0.00,51.65,54.02,0.00,70.14,68.96,56.25,63.25,0.00,53.91,61.34,54.07,0.00,0.00,52.62,54.52,56.51,61.40,54.30,54.90,0.00,61.45,45
58.06,0.00,0.00,0.00,70.83,70.03,0.00,72.63,58.47,63.22,0.00,0.00,0.00,0.00,0.00,0.00,56.83,57.82,0.00,0.00,0.00,0.00,0.00,0.00,0.00,0.00,0.00,56.17,0.00,0.00,0.00,59.24,180
59.67,0.00,0.00,0.00,72.01,62.16,0.00,64.17,58.14,62.44,0.00,0.00,0.00,0.00,0.00,57.65,56.05,60.97,0.00,0.00,0.00,0.00,0.00,0.00,52.29,0.00,0.00,55.41,0.00,0.00,0.00,59.40,270
60.16,0.00,0.00,0.00,64.41,69.74,0.00,72.98,62.00,62.39,0.00,53.15,0.00,0.00,59.84,57.61,57.44,58.41,0.00,0.00,0.00,54.62,0.00,0.00,0.00,0.00,55.08,56.26,0.00,0.00,0.00,57.05,45
62.56,59.11,64.69,62.46,66.51,72.28,51.39,74.73,65.12,66.43,53.58,57.80,62.70,61.01,79.79,88.14,57.94,64.18,0.00,58.77,59.72,59.40,78.45,0.00,62.64,55.67,61.05,58.76,53.25,0.00,0.00,60.15,180
61.69,54.98,58.12,0.00,78.80,69.70,0.00,70.02,65.60,66.22,0.00,0.00,0.00,0.00,56.16,53.05,53.57,59.30,0.00,0.00,0.00,0.00,0.00,0.00,0.00,0.00,0.00,56.30,0.00,0.00,0.00,56.54,180
57.20,0.00,0.00,0.00,91.32,65.05,0.00,63.00,59.02,65.66,0.00,0.00,0.00,0.00,60.90,52.83,55.48,58.70,0.00,0.00,0.00,0.00,0.00,0.00,0.00,0.00,0.00,0.00,0.00,0.00,0.00,57.36,0
60.29,58.66,0.00,74.13,72.22,68.28,0.00,72.33,61.82,65.32,0.00,0.00,0.00,0.00,54.20,57.06,55.26,56.86,0.00,0.00,0.00,0.00,0.00,0.00,0.00,0.00,0.00,58.33,0.00,0.00,0.00,56.94,180
60.12,0.00,0.00,0.00,86.32,66.80,0.00,69.06,60.57,61.89,0.00,0.00,0.00,0.00,0.00,57.89,52.40,57.28,0.00,0.00,0.00,0.00,0.00,0.00,0.00,0.00,0.00,56.16,0.00,0.00,0.00,54.80,180
63.66,58.35,67.80,62.01,63.50,68.10,0.00,83.93,62.80,68.25,60.60,64.01,55.46,64.59,81.98,89.39,60.34,64.36,0.00,60.01,72.40,63.17,57.29,0.00,55.23,60.00,59.09,63.75,59.08,58.05,56.78,64.16,90
56.08,0.00,0.00,0.00,72.25,62.12,0.00,72.70,58.94,65.50,0.00,0.00,0.00,0.00,0.00,53.21,54.59,58.41,0.00,0.00,0.00,0.00,0.00,0.00,0.00,0.00,0.00,0.00,0.00,0.00,0.00,58.21,315
63.33,53.40,0.00,56.69,73.12,76.97,0.00,77.20,62.00,62.72,0.00,53.29,0.00,0.00,81.00,78.29,56.30,59.85,0.00,0.00,0.00,0.00,0.00,0.00,55.43,60.56,53.42,56.35,0.00,0.00,0.00,57.33,0
64.79,0.00,0.00,0.00,69.07,65.83,0.00,66.11,68.57,64.40,0.00,0.00,0.00,0.00,66.00,74.71,57.48,60.75,0.00,0.00,0.00,51.07,0.00,0.00,60.68,0.00,0.00,54.21,0.00,0.00,0.00,56.51,135
63.40,62.47,0.00,56.19,67.42,71.49,0.00,79.37,57.55,65.74,0.00,52.26,0.00,57.91,66.44,65.98,57.59,59.61,0.00,0.00,0.00,63.84,0.00,0.00,58.27,0.00,0.00,56.72,0.00,0.00,0.00,59.46,0
60.02,0.00,0.00,0.00,60.72,64.62,0.00,71.73,64.33,62.68,0.00,0.00,0.00,0.00,54.69,64.27,55.58,56.21,0.00,0.00,0.00,0.00,0.00,0.00,0.00,0.00,0.00,53.53,0.00,0.00,0.00,55.52,225
55.79,0.00,0.00,0.00,71.20,65.34,0.00,73.00,63.58,63.93,0.00,0.00,0.00,0.00,52.98,0.00,56.90,60.56,0.00,0.00,0.00,0.00,0.00,0.00,0.00,0.00,0.00,52.82,0.00,0.00,0.00,56.90,180
58.27,51.42,0.00,0.00,62.86,58.06,0.00,82.48,59.38,63.42,0.00,0.00,0.00,0.00,0.00,57.22,54.77,56.38,0.00,0.00,0.00,0.00,0.00,0.00,0.00,0.00,0.00,56.93,0.00,0.00,0.00,57.67,315
63.11,57.43,73.07,61.43,68.21,66.33,0.00,70.54,63.22,66.47,52.38,58.53,0.00,57.19,89.34,79.74,57.23,60.90,0.00,74.14,53.61,60.14,85.60,0.00,60.41,58.37,57.59,56.61,0.00,0.00,0.00,61.24,270
62.83,57.14,0.00,0.00,63.03,63.25,0.00,83.63,58.18,67.57,0.00,51.08,0.00,0.00,67.32,74.44,60.51,62.92,0.00,0.00,0.00,64.53,0.00,0.00,62.35,70.94,53.37,56.63,0.00,55.48,50.67,61.66,90
64.03,59.37,0.00,0.00,63.99,73.01,0.00,70.15,65.88,62.89,0.00,0.00,0.00,0.00,53.88,55.71,57.39,57.47,0.00,0.00,0.00,0.00,0.00,0.00,0.00,0.00,0.00,55.98,0.00,0.00,0.00,60.70,225
56.18,0.00,0.00,59.06,88.19,63.98,0.00,70.25,66.43,64.13,0.00,0.00,0.00,0.00,57.99,60.24,56.61,61.61,0.00,0.00,0.00,0.00,0.00,0.00,0.00,0.00,0.00,57.69,0.00,0.00,0.00,56.22,135
61.86,51.08,0.00,60.56,68.34,68.42,0.00,68.35,63.19,63.83,0.00,54.15,0.00,61.77,82.21,74.72,61.59,62.20,0.00,0.00,58.73,58.79,54.36,0.00,62.04,61.52,64.35,59.22,57.38,0.00,0.00,63.51,270
65.16,55.37,0.00,55.65,65.94,63.55,0.00,80.30,60.28,66.14,56.91,55.68,0.00,0.00,62.70,62.42,64.40,64.23,0.00,0.00,55.36,58.35,0.00,0.00,57.38,58.75,54.67,62.33,0.00,57.33,0.00,62.89,270
56.52,52.22,0.00,0.00,65.29,65.62,0.00,69.24,63.08,61.20,0.00,0.00,0.00,0.00,51.64,59.72,55.72,59.58,0.00,0.00,0.00,0.00,0.00,0.00,0.00,0.00,0.00,53.86,0.00,0.00,0.00,60.45,45
59.90,0.00,0.00,0.00,74.32,69.01,0.00,71.92,62.37,64.86,0.00,0.00,0.00,0.00,51.99,0.00,54.49,57.53,0.00,0.00,0.00,0.00,0.00,0.00,52.78,0.00,0.00,53.79,0.00,0.00,0.00,56.90,0
62.90,0.00,0.00,64.41,64.61,68.57,0.00,74.54,58.91,63.19,0.00,0.00,0.00,57.79,78.84,85.35,60.74,64.75,0.00,0.00,59.15,57.45,58.06,0.00,54.74,67.16,55.20,58.27,54.19,54.49,0.00,61.12,315
59.43,55.77,0.00,0.00,68.17,59.09,0.00,73.59,60.45,64.22,0.00,0.00,0.00,0.00,54.64,60.11,59.67,62.26,0.00,0.00,0.00,53.43,0.00,0.00,56.73,64.08,54.43,60.58,61.34,0.00,0.00,63.18,270
59.27,0.00,0.00,0.00,81.19,63.71,0.00,71.44,55.60,67.23,0.00,0.00,0.00,0.00,0.00,57.82,57.27,57.22,0.00,0.00,0.00,0.00,0.00,0.00,62.51,0.00,52.39,61.88,0.00,0.00,0.00,59.52,135
61.14,59.26,0.00,60.09,70.52,71.44,0.00,77.20,60.21,63.25,0.00,57.71,0.00,0.00,57.91,64.77,57.13,64.23,0.00,0.00,0.00,0.00,0.00,0.00,0.00,0.00,0.00,58.64,0.00,0.00,0.00,61.81,0
60.85,55.19,0.00,0.00,74.86,69.91,0.00,66.57,63.03,63.21,0.00,55.93,0.00,0.00,75.02,72.61,56.94,57.70,0.00,0.00,0.00,60.80,0.00,0.00,58.78,77.22,0.00,57.52,59.75,57.54,0.00,57.28,0
60.74,0.00,0.00,0.00,61.69,65.31,0.00,70.98,61.92,66.02,0.00,56.14,0.00,0.00,53.98,59.80,54.70,60.52,0.00,0.00,0.00,0.00,0.00,0.00,0.00,0.00,57.54,53.94,0.00,0.00,0.00,61.56,45
56.11,0.00,0.00,0.00,66.56,65.17,0.00,74.24,55.52,65.66,0.00,0.00,0.00,0.00,51.45,57.29,54.44,58.67,0.00,0.00,0.00,0.00,0.00,0.00,52.72,0.00,0.00,55.24,56.45,0.00,0.00,56.58,315
58.24,0.00,0.00,0.00,68.27,59.81,0.00,77.12,57.21,63.27,0.00,51.01,0.00,0.00,53.19,55.86,57.15,58.04,0.00,0.00,0.00,54.27,0.00,0.00,52.78,0.00,0.00,55.83,0.00,0.00,0.00,56.31,315
59.62,66.14,60.15,66.35,62.90,72.06,0.00,74.19,63.04,63.30,54.23,57.13,0.00,0.00,58.99,55.75,58.32,60.13,0.00,0.00,0.00,0.00,0.00,0.00,54.10,0.00,0.00,55.47,0.00,0.00,0.00,58.84,225
60.82,0.00,0.00,0.00,62.59,64.82,0.00,68.89,62.05,64.87,0.00,0.00,0.00,0.00,72.57,64.44,54.60,59.15,0.00,0.00,0.00,51.69,0.00,0.00,55.03,0.00,0.00,58.05,0.00,0.00,54.99,56.25,225
63.42,58.19,0.00,55.26,66.05,68.97,0.00,85.74,60.48,64.07,0.00,55.58,0.00,0.00,62.69,53.33,58.18,58.64,0.00,0.00,0.00,0.00,0.00,0.00,54.07,0.00,54.05,60.32,0.00,56.36,0.00,58.84,45
62.76,58.36,0.00,59.58,65.90,73.09,0.00,79.46,61.72,64.31,0.00,55.81,0.00,65.84,55.31,55.01,57.85,57.85,0.00,0.00,0.00,0.00,0.00,0.00,55.03,0.00,58.86,56.43,0.00,0.00,0.00,58.50,225
61.18,51.33,0.00,54.45,69.31,70.27,0.00,81.06,61.07,61.75,0.00,56.01,0.00,0.00,58.36,56.85,55.84,57.25,0.00,0.00,0.00,53.62,0.00,0.00,54.43,0.00,52.51,57.11,0.00,0.00,0.00,59.64,0
64.09,57.81,55.36,56.98,63.72,72.18,0.00,79.06,60.86,61.81,0.00,55.66,0.00,0.00,52.41,66.85,57.99,60.96,0.00,0.00,0.00,0.00,0.00,0.00,53.09,0.00,54.76,57.82,0.00,0.00,0.00,58.85,225
57.53,0.00,0.00,0.00,72.88,64.25,0.00,74.01,60.49,65.45,0.00,0.00,0.00,0.00,54.50,0.00,52.53,57.98,0.00,0.00,0.00,0.00,0.00,0.00,0.00,0.00,0.00,0.00,0.00,0.00,0.00,54.38,0
64.72,64.01,70.15,61.19,68.65,73.19,54.50,74.40,69.40,64.80,61.00,59.33,57.61,70.10,83.92,90.91,60.20,60.86,0.00,55.05,59.17,57.29,57.28,0.00,55.81,71.44,58.64,64.21,56.32,60.81,55.80,60.41,180
58.81,0.00,0.00,0.00,71.42,64.34,0.00,77.71,59.80,65.64,0.00,0.00,0.00,0.00,54.04,60.22,54.78,58.47,0.00,0.00,0.00,0.00,0.00,0.00,52.46,0.00,0.00,52.96,0.00,0.00,0.00,60.43,135
62.83,0.00,0.00,0.00,77.95,66.28,0.00,77.93,56.45,62.84,0.00,0.00,0.00,0.00,0.00,55.20,54.61,57.99,0.00,0.00,0.00,0.00,0.00,0.00,0.00,0.00,0.00,54.80,0.00,0.00,0.00,61.56,0
61.21,54.61,0.00,0.00,56.80,76.04,0.00,75.62,63.09,63.59,0.00,0.00,0.00,0.00,67.44,94.83,55.54,58.46,0.00,0.00,0.00,55.32,0.00,0.00,60.75,0.00,0.00,59.91,61.35,0.00,0.00,56.73,225
61.93,56.39,0.00,0.00,59.97,62.85,0.00,82.45,62.36,62.32,0.00,0.00,0.00,0.00,56.22,58.04,60.91,60.68,0.00,0.00,0.00,0.00,0.00,0.00,61.92,68.00,52.69,56.37,55.50,0.00,56.46,61.49,90
62.63,85.44,0.00,88.65,64.45,69.49,0.00,80.60,60.87,62.56,0.00,57.70,0.00,0.00,53.69,55.79,56.67,57.36,0.00,0.00,62.73,50.83,0.00,0.00,56.49,0.00,57.93,54.44,0.00,0.00,0.00,56.67,45
60.60,54.25,0.00,86.86,67.39,69.97,0.00,67.57,64.54,64.86,0.00,0.00,0.00,50.80,83.97,89.44,60.55,63.26,0.00,0.00,55.53,58.84,55.53,0.00,58.20,56.06,53.10,59.34,0.00,54.34,56.68,63.75,270
61.14,0.00,0.00,0.00,73.52,65.66,0.00,82.63,53.30,65.87,0.00,0.00,0.00,0.00,55.81,58.70,53.55,58.88,0.00,0.00,0.00,0.00,0.00,0.00,0.00,0.00,0.00,56.09,0.00,0.00,0.00,56.27,315
60.50,65.16,0.00,0.00,62.10,55.07,0.00,79.65,55.72,64.34,0.00,56.31,0.00,0.00,58.83,55.21,59.04,61.48,0.00,0.00,0.00,0.00,0.00,0.00,0.00,0.00,53.06,61.99,0.00,0.00,0.00,60.54,270
63.25,66.96,0.00,53.01,65.90,67.45,0.00,78.33,67.67,62.61,0.00,0.00,0.00,0.00,54.49,52.60,60.25,56.36,0.00,0.00,0.00,0.00,0.00,0.00,0.00,0.00,56.25,61.17,0.00,0.00,0.00,57.67,45
63.10,63.25,0.00,0.00,68.23,63.04,0.00,83.75,59.20,63.03,0.00,0.00,0.00,0.00,54.01,54.88,60.72,61.44,0.00,0.00,0.00,0.00,0.00,0.00,54.79,0.00,0.00,56.70,0.00,0.00,0.00,58.95,135
61.95,57.89,0.00,55.25,64.58,65.75,54.79,71.42,61.93,62.99,56.47,68.05,0.00,67.70,82.05,93.21,55.27,57.53,0.00,55.95,58.13,56.87,72.11,0.00,56.37,0.00,58.29,58.32,0.00,53.06,0.00,56.63,45
64.06,56.51,55.95,61.23,64.54,74.61,60.18,76.46,63.82,67.19,67.86,63.76,0.00,56.40,74.12,99.23,55.51,60.61,0.00,52.29,55.16,69.34,70.73,0.00,59.91,56.21,55.05,54.90,0.00,60.05,0.00,57.59,225
59.64,54.15,0.00,0.00,67.97,60.76,0.00,86.90,57.93,66.16,0.00,52.96,0.00,0.00,54.10,55.24,55.99,59.66,0.00,0.00,52.26,51.33,0.00,0.00,51.66,0.00,58.05,57.10,0.00,0.00,0.00,59.45,315
62.54,69.25,0.00,78.32,62.02,73.96,0.00,76.48,60.61,65.46,55.91,62.19,0.00,0.00,53.41,62.87,59.33,61.73,0.00,0.00,0.00,0.00,0.00,0.00,56.03,0.00,52.60,56.17,0.00,56.77,0.00,59.61,225
58.70,0.00,0.00,0.00,67.38,65.21,0.00,80.13,61.71,63.14,0.00,0.00,0.00,0.00,84.25,74.62,58.56,64.17,0.00,0.00,53.08,0.00,0.00,0.00,0.00,0.00,0.00,56.18,0.00,0.00,0.00,56.30,180
61.60,66.81,0.00,0.00,65.79,63.10,0.00,79.93,62.81,63.28,0.00,0.00,0.00,0.00,0.00,58.43,56.95,60.00,0.00,0.00,0.00,0.00,0.00,0.00,55.82,0.00,57.47,56.03,0.00,0.00,0.00,58.66,90
60.16,56.54,0.00,0.00,80.13,66.82,0.00,83.64,63.31,67.63,0.00,0.00,0.00,0.00,52.97,0.00,57.77,60.24,0.00,0.00,0.00,53.16,0.00,0.00,0.00,0.00,0.00,59.24,0.00,0.00,0.00,55.04,0
64.56,60.80,65.20,56.99,64.79,76.31,0.00,78.95,62.13,64.88,54.45,66.10,0.00,54.55,74.17,60.77,62.72,60.69,0.00,0.00,0.00,0.00,62.12,0.00,53.78,0.00,55.58,57.30,0.00,0.00,0.00,58.51,225
63.16,52.27,0.00,0.00,63.08,65.12,0.00,80.60,59.81,64.13,55.20,55.90,0.00,0.00,0.00,54.15,59.28,62.86,0.00,0.00,0.00,52.54,0.00,0.00,55.61,63.90,56.52,59.33,0.00,57.48,54.98,60.79,270
58.69,0.00,0.00,0.00,61.71,60.15,0.00,83.99,55.46,65.95,0.00,0.00,0.00,0.00,57.31,0.00,56.58,55.21,0.00,0.00,0.00,0.00,0.00,0.00,0.00,0.00,0.00,52.85,0.00,0.00,0.00,55.33,315
60.51,134.76,0.00,0.00,68.53,97.20,0.00,91.62,69.97,66.58,95.99,125.52,0.00,0.00,75.22,87.60,59.34,65.44,0.00,0.00,83.09,0.00,0.00,0.00,69.44,144.45,80.40,70.61,0.00,147.58,0.00,69.38,90
58.60,0.00,0.00,0.00,72.60,58.42,0.00,79.30,55.27,62.18,0.00,0.00,0.00,0.00,0.00,0.00,60.48,62.42,0.00,0.00,0.00,0.00,0.00,0.00,0.00,0.00,0.00,56.74,0.00,52.23,0.00,65.29,270
61.74,0.00,0.00,50.95,59.73,69.19,0.00,81.13,60.87,61.34,0.00,59.13,0.00,0.00,0.00,61.28,60.94,60.60,0.00,0.00,0.00,0.00,0.00,0.00,52.13,0.00,55.14,60.68,0.00,0.00,0.00,56.81,225
63.95,54.70,0.00,61.81,62.26,72.96,0.00,75.96,63.49,61.60,50.96,60.58,0.00,56.86,69.14,95.96,55.18,58.92,0.00,0.00,0.00,59.22,55.31,0.00,61.75,0.00,0.00,54.71,53.08,0.00,0.00,58.08,225
71.53,265.83,0.00,243.36,68.76,88.82,418.98,88.89,74.26,83.82,276.15,231.37,200.87,313.60,80.63,104.18,96.18,108.81,553.64,314.68,162.28,125.38,96.94,403.38,137.02,1065.03,180.22,113.77,405.33,0.00,315.17,85.35,225
59.99,0.00,0.00,0.00,71.17,65.56,0.00,89.92,55.51,61.99,0.00,0.00,0.00,0.00,55.27,53.32,61.58,59.06,0.00,0.00,0.00,0.00,0.00,0.00,54.01,0.00,0.00,57.67,0.00,0.00,0.00,56.80,135
63.55,67.68,0.00,56.43,67.08,67.59,0.00,76.11,65.53,68.11,70.73,66.39,0.00,52.22,78.42,83.01,64.22,63.03,0.00,0.00,65.52,52.07,56.57,0.00,56.49,69.69,55.10,60.91,56.33,64.43,59.19,64.57,90
60.54,59.51,0.00,0.00,62.26,62.71,0.00,83.33,57.99,61.40,0.00,0.00,0.00,0.00,51.44,57.22,58.24,61.51,0.00,0.00,0.00,0.00,0.00,0.00,57.69,0.00,51.73,56.97,0.00,0.00,0.00,57.26,315
55.46,0.00,0.00,0.00,60.63,63.77,0.00,86.00,60.99,62.90,0.00,0.00,0.00,0.00,52.20,0.00,56.46,57.76,0.00,0.00,0.00,0.00,0.00,0.00,0.00,0.00,0.00,0.00,0.00,0.00,0.00,53.85,180
60.51,102.21,73.38,77.48,65.18,63.75,0.00,74.14,59.87,64.73,0.00,0.00,0.00,0.00,80.18,74.11,58.44,61.45,0.00,0.00,55.26,50.94,0.00,0.00,53.55,64.99,52.07,57.46,70.10,54.36,58.81,63.86,270
60.86,67.79,0.00,63.11,66.51,69.74,0.00,96.19,62.08,63.51,0.00,0.00,0.00,0.00,0.00,0.00,57.22,59.71,0.00,0.00,0.00,0.00,0.00,0.00,0.00,0.00,0.00,64.73,0.00,0.00,0.00,57.05,45
59.75,52.98,0.00,0.00,62.50,68.75,0.00,77.30,62.06,62.94,0.00,0.00,0.00,0.00,0.00,0.00,54.80,55.26,0.00,0.00,0.00,0.00,0.00,0.00,0.00,0.00,0.00,53.31,0.00,0.00,0.00,57.21,45
63.90,99.76,0.00,102.33,72.13,72.87,0.00,78.29,68.55,64.51,59.28,60.34,88.36,94.93,90.17,89.44,57.33,58.37,0.00,0.00,60.21,58.31,55.76,0.00,62.32,61.44,59.54,60.38,58.57,61.01,0.00,57.96,45
63.36,53.12,54.04,0.00,64.99,74.46,0.00,79.71,60.94,65.95,0.00,0.00,0.00,0.00,54.39,53.76,57.62,58.09,0.00,0.00,0.00,0.00,0.00,0.00,0.00,0.00,59.79,61.59,0.00,0.00,0.00,60.17,45
61.13,56.99,0.00,0.00,68.61,73.75,0.00,66.40,62.91,60.15,0.00,62.69,0.00,0.00,87.19,72.29,63.45,55.57,0.00,0.00,51.14,0.00,54.71,0.00,56.56,0.00,0.00,56.34,0.00,0.00,0.00,62.98,45
63.27,65.43,0.00,0.00,59.57,74.88,0.00,82.21,60.56,66.16,0.00,0.00,0.00,0.00,50.90,59.69,55.34,59.69,0.00,0.00,0.00,0.00,0.00,0.00,54.52,0.00,54.50,54.40,0.00,0.00,0.00,55.92,225
64.51,50.76,0.00,52.95,60.46,78.30,0.00,74.61,60.91,61.88,0.00,0.00,0.00,0.00,0.00,54.30,58.93,59.13,0.00,0.00,0.00,0.00,0.00,0.00,0.00,0.00,0.00,54.86,0.00,0.00,0.00,56.33,225
62.91,71.90,70.80,61.40,64.57,70.78,67.49,78.08,62.48,66.85,60.63,56.64,0.00,64.18,83.36,115.15,59.21,59.77,0.00,56.18,64.92,55.58,61.60,0.00,59.17,57.14,58.28,58.02,0.00,68.82,0.00,60.93,315
62.49,57.59,0.00,58.25,66.14,70.60,0.00,84.23,62.49,60.15,59.13,56.20,0.00,0.00,56.58,0.00,59.50,60.43,0.00,0.00,0.00,50.98,0.00,0.00,0.00,0.00,51.23,58.57,0.00,0.00,0.00,60.05,180
55.78,0.00,0.00,0.00,64.61,66.05,0.00,76.51,60.25,63.95,0.00,0.00,0.00,0.00,72.75,89.14,0.00,59.93,0.00,0.00,0.00,0.00,0.00,0.00,62.82,0.00,0.00,59.72,0.00,0.00,0.00,54.18,180
58.92,69.31,0.00,58.67,64.84,69.41,0.00,74.31,63.95,66.95,57.49,0.00,0.00,60.49,78.91,83.54,56.96,60.02,0.00,59.77,0.00,54.90,57.17,0.00,58.73,60.12,55.31,58.52,57.21,0.00,0.00,60.38,315
62.54,60.37,0.00,0.00,61.80,78.82,0.00,76.83,58.96,62.63,0.00,52.59,0.00,0.00,74.26,76.09,59.63,59.49,0.00,0.00,0.00,61.61,0.00,0.00,63.21,0.00,51.57,55.37,0.00,0.00,0.00,60.06,45
59.57,0.00,0.00,0.00,60.89,63.82,0.00,89.97,56.35,62.86,0.00,0.00,0.00,0.00,51.27,0.00,59.12,62.39,0.00,0.00,0.00,0.00,0.00,0.00,0.00,0.00,0.00,59.27,0.00,0.00,0.00,61.08,315
64.73,0.00,0.00,0.00,65.51,66.80,0.00,77.70,61.11,66.03,0.00,0.00,0.00,0.00,55.60,55.06,59.65,60.88,0.00,0.00,0.00,54.54,0.00,0.00,50.66,0.00,55.21,58.85,0.00,0.00,0.00,63.65,90
61.14,57.04,0.00,0.00,64.24,58.77,0.00,78.60,60.33,63.18,0.00,53.15,0.00,0.00,54.26,59.16,60.23,64.01,0.00,0.00,0.00,0.00,0.00,0.00,58.67,0.00,53.75,57.81,0.00,0.00,0.00,61.02,270
62.55,54.99,52.59,61.38,64.04,73.81,0.00,76.18,63.24,66.74,55.97,56.73,65.97,61.68,83.33,96.51,59.58,61.36,0.00,56.14,53.15,59.71,57.12,53.87,56.70,63.76,54.41,59.65,57.86,63.07,58.88,63.59,45
63.03,0.00,0.00,0.00,72.98,54.41,0.00,77.81,58.30,62.31,0.00,0.00,0.00,0.00,0.00,56.29,58.58,57.97,0.00,0.00,0.00,0.00,0.00,0.00,0.00,0.00,0.00,56.81,0.00,0.00,0.00,56.95,270
65.24,68.49,59.41,73.47,66.15,67.79,57.78,73.64,61.90,69.72,60.17,56.52,54.73,64.86,72.60,81.41,57.02,59.75,0.00,0.00,64.66,57.95,62.15,0.00,57.81,59.66,56.65,58.84,0.00,0.00,0.00,56.48,45
56.50,0.00,0.00,0.00,64.13,67.71,0.00,74.66,62.02,63.73,0.00,0.00,0.00,0.00,69.26,86.36,53.88,55.52,0.00,0.00,0.00,0.00,0.00,0.00,51.87,0.00,0.00,65.09,0.00,0.00,0.00,52.39,180
53.52,0.00,0.00,0.00,68.80,60.55,0.00,86.35,63.06,68.56,0.00,0.00,0.00,0.00,56.09,58.88,55.84,62.61,0.00,0.00,0.00,0.00,0.00,0.00,0.00,0.00,0.00,53.60,0.00,0.00,0.00,58.61,315
57.02,53.45,0.00,61.65,62.37,58.08,0.00,71.21,68.11,63.29,53.59,53.16,0.00,0.00,52.13,58.85,58.04,60.19,0.00,0.00,0.00,0.00,0.00,0.00,55.80,0.00,54.67,57.98,0.00,0.00,0.00,58.54,270
59.96,0.00,0.00,0.00,63.46,56.38,0.00,77.62,65.57,64.91,0.00,54.11,0.00,0.00,0.00,56.77,55.38,57.53,0.00,0.00,0.00,58.43,0.00,0.00,60.20,0.00,66.90,55.92,0.00,0.00,0.00,59.39,270
60.22,52.49,0.00,52.74,61.69,70.58,0.00,73.14,71.63,64.42,51.01,57.82,0.00,54.32,85.50,83.13,53.69,61.52,0.00,0.00,63.79,57.09,56.87,0.00,60.99,72.02,62.40,65.87,60.86,55.57,0.00,64.01,315
53.81,0.00,0.00,0.00,66.73,58.46,0.00,80.44,66.41,61.46,0.00,0.00,0.00,0.00,0.00,57.47,0.00,54.80,0.00,0.00,0.00,0.00,0.00,0.00,0.00,0.00,0.00,0.00,0.00,0.00,0.00,57.39,180
57.85,53.60,0.00,66.80,65.26,61.33,0.00,84.51,58.81,62.32,0.00,0.00,0.00,0.00,55.05,58.57,54.69,58.22,0.00,0.00,0.00,53.60,0.00,0.00,57.97,65.64,55.73,58.27,58.68,69.14,56.37,58.23,135
60.19,57.84,0.00,0.00,65.01,53.89,0.00,74.31,63.78,63.96,0.00,53.71,0.00,0.00,55.42,66.82,65.29,61.39,0.00,0.00,0.00,50.86,0.00,0.00,52.52,0.00,55.31,60.10,0.00,0.00,0.00,58.39,270
60.02,61.20,0.00,57.72,66.70,68.56,0.00,79.92,65.35,63.03,0.00,55.47,0.00,0.00,54.56,59.90,55.47,58.99,0.00,0.00,0.00,0.00,0.00,0.00,53.00,0.00,61.56,57.97,0.00,52.47,0.00,58.66,45
58.93,0.00,0.00,0.00,67.52,66.76,0.00,81.64,59.85,63.05,0.00,0.00,0.00,0.00,75.90,79.31,56.01,57.26,0.00,0.00,0.00,62.74,0.00,0.00,59.37,0.00,53.96,55.58,0.00,0.00,0.00,56.28,0
57.11,0.00,0.00,71.18,65.35,63.61,0.00,90.48,63.91,63.99,0.00,52.39,0.00,0.00,52.77,63.38,52.70,56.79,0.00,0.00,0.00,0.00,0.00,0.00,0.00,0.00,0.00,50.70,0.00,0.00,0.00,59.10,180
61.69,57.03,53.95,67.18,64.58,71.46,0.00,71.59,63.75,63.73,61.13,57.53,57.94,70.37,74.08,83.46,59.08,57.64,0.00,66.03,62.87,54.46,72.21,0.00,58.28,61.88,54.34,65.56,56.32,0.00,59.01,57.13,225
58.97,0.00,0.00,55.13,61.59,67.83,0.00,79.08,64.04,64.65,0.00,56.95,0.00,0.00,69.39,70.22,58.47,59.63,0.00,0.00,57.91,65.13,0.00,0.00,57.86,62.85,60.72,58.19,53.93,61.64,0.00,65.98,90
63.11,0.00,0.00,80.90,63.01,61.06,0.00,84.73,59.93,64.69,57.13,53.58,0.00,0.00,55.89,55.01,56.94,61.41,0.00,0.00,55.43,0.00,0.00,0.00,53.80,0.00,59.08,57.44,0.00,0.00,0.00,60.15,135
58.62,0.00,0.00,0.00,64.14,63.15,0.00,88.34,62.40,67.44,0.00,0.00,0.00,0.00,0.00,59.22,58.43,58.89,0.00,0.00,0.00,0.00,0.00,0.00,52.28,0.00,57.64,60.58,0.00,0.00,0.00,58.27,315
63.81,72.05,67.12,69.90,67.54,69.96,55.81,74.70,74.78,66.43,53.96,54.81,0.00,56.85,75.52,85.86,62.11,63.22,51.64,0.00,61.14,59.67,54.72,0.00,61.00,0.00,54.30,60.26,0.00,0.00,0.00,60.75,135
61.50,51.22,0.00,0.00,61.82,65.86,0.00,82.28,58.41,64.69,57.90,56.49,0.00,55.98,90.91,62.63,53.34,55.84,0.00,0.00,51.36,54.61,0.00,0.00,55.77,63.64,0.00,53.44,54.96,55.01,56.96,59.65,315
55.76,0.00,0.00,0.00,70.36,60.61,0.00,89.73,63.42,65.63,0.00,0.00,0.00,0.00,118.80,61.82,0.00,59.46,0.00,0.00,0.00,58.42,0.00,0.00,70.01,0.00,51.11,54.24,0.00,0.00,0.00,53.31,180
58.06,51.83,0.00,0.00,68.07,63.63,0.00,93.06,65.27,63.34,0.00,0.00,0.00,0.00,51.31,67.77,55.62,58.04,0.00,0.00,0.00,51.25,0.00,0.00,51.81,0.00,57.14,54.29,0.00,0.00,0.00,55.78,0
63.21,61.66,86.80,72.11,64.22,70.31,0.00,75.36,64.68,62.71,61.63,59.72,57.91,72.62,86.19,81.00,58.66,62.56,0.00,70.02,58.31,62.47,55.22,0.00,63.25,88.37,61.51,61.69,68.49,87.96,57.29,65.31,225
58.27,0.00,0.00,0.00,65.97,61.26,0.00,88.81,63.96,63.84,0.00,0.00,0.00,0.00,69.93,63.79,51.64,55.96,0.00,0.00,0.00,0.00,0.00,0.00,59.08,0.00,0.00,52.23,0.00,0.00,0.00,0.00,315
61.10,72.00,60.87,61.52,64.81,60.91,0.00,85.19,59.31,66.15,56.06,0.00,0.00,0.00,52.74,57.29,57.71,58.73,0.00,0.00,0.00,0.00,0.00,0.00,53.66,0.00,0.00,56.47,0.00,0.00,0.00,61.18,315
62.64,70.01,56.86,56.92,60.10,65.61,0.00,75.48,60.36,64.25,0.00,0.00,0.00,0.00,68.56,67.98,56.96,60.84,0.00,0.00,0.00,60.29,0.00,0.00,65.11,72.00,56.23,56.41,0.00,55.69,0.00,59.71,90
61.75,0.00,0.00,0.00,63.08,67.71,0.00,77.44,57.99,65.66,0.00,0.00,0.00,0.00,53.66,59.17,54.59,57.86,0.00,0.00,51.95,0.00,0.00,0.00,0.00,0.00,54.02,54.11,0.00,0.00,0.00,59.68,90
59.79,61.26,0.00,71.22,62.51,67.58,0.00,89.29,59.84,61.17,0.00,59.91,0.00,0.00,53.12,56.41,54.57,58.49,0.00,0.00,0.00,0.00,0.00,0.00,0.00,0.00,0.00,57.13,0.00,0.00,0.00,56.00,180
61.37,0.00,0.00,0.00,60.20,70.20,0.00,80.34,64.24,62.69,0.00,0.00,0.00,0.00,0.00,57.59,55.68,59.39,0.00,0.00,0.00,0.00,0.00,0.00,0.00,0.00,0.00,60.29,0.00,0.00,0.00,59.95,225
59.65,0.00,0.00,0.00,57.00,71.65,0.00,97.11,63.34,62.37,0.00,69.69,0.00,0.00,52.85,54.31,53.66,55.77,0.00,0.00,0.00,0.00,0.00,0.00,0.00,0.00,0.00,54.37,0.00,0.00,0.00,57.62,225
62.24,62.30,0.00,65.38,62.93,67.32,0.00,73.34,68.56,65.31,55.53,55.87,0.00,53.39,82.14,84.34,61.90,59.50,0.00,57.51,60.04,58.76,57.81,0.00,61.98,64.33,61.68,60.34,62.85,65.87,60.28,65.72,270
